ops_mismatch_code;icd_mismatch_code;
1-207.4; 'E66.97';
1-220.1; 'I31.88';
1-220.3; 'K86.84';
1-220.x; 'UUU';
1-229.0; 'E66.27';
1-229.2; 'E66.86';
1-243.0; 'E66.88';
1-272.0; 'G99.00';
1-272.0; 'J98.10';
1-272.4; 'K31.10';
1-313.1; 'N13.63';
1-400.y; 'N13.64';
1-432.12; 'U69.54';
1-440.0; '044.9';
1-440.1; 'E66.98';
1-440.4; 'G94.31';
1-444.2x; 'I77.80';
1-463.10; 'J36.0';
1-465.90; 'J98.12';
1-465.91; 'K.07.2';
1-479; 'K62.51';
1-484.00; 'U69.55';
1-500.0; 'I77.80';
1-500.0; 'K65.09';
1-500.0; 'N13.20';
1-500.1; 'S70.86';
1-500.3; '042.0';
1-500.4; 'H.17.8';
1-500.4; 'ICD10';
1-500.5; 'INER ZWE';
1-500.5; 'K72.18';
1-500.7; 'N13.65';
1-500.x; 'N99.10';
1-500.y; '5-158.23';
1-500.y; 'G94.32';
1-500.y; 'J 35.8';
1-500.y; 'J98.18';
1-519.x; 'K31.18';
1-519.y; 'K62.59';
1-540; 'K70.48'';
1-541; 'N13.21';
1-544; 'U69.51';
1-545.0; ' ';
1-545.0; ' ';
1-545.0; '042.1';
1-545.2; '042.2';
1-545.2; 'E66.06';
1-545.2; 'G94.30';
1-558.0; 'G94.39';
1-558.1; 'K31.11';
1-558.2; 'K31.12';
1-564.2; 'K65.09';
1-564.2; 'M9391/3';
1-569.4; 'N13.61';
1-570.x; 'N99.18';
1-571.x; 'U69.6';
1-615.12; 'UUU';
1-616.1; 'V30.-';
1-620.3; 'E66.87';
1-623; 'N13.62';
1-634; 'N13.66';
1-653.0; 'T08.X0';
1-653.1; 'U69.50';
1-653.1; '043.2';
1-659.0; '540-543';
1-868.1; 'E66.08';
1-941.30; 'E66.28';
1-941.31; 'H35.39';
1-991.2; 'K65.00';
1-995.00; 'N13.68';
1-995.10; 'S';
1-999.42; ' ';
1-999.4x; ' ';
116b020400; '482.-';
116b021100; 'CA';
116b030103; 'E66.96';
116b030104; 'K86.80';
116b030106;;
3-609;;
3-829;;
5-014.5;;
5-015.02;;
5-015.03;;
5-015.30;;
5-015.31;;
5-015.41;;
5-015.52;;
5-021.20;;
5-025.4x;;
5-025.66;;
5-026.21;;
5-028.00;;
5-028.02;;
5-028.22;;
5-030.44;;
5-031.13;;
5-031.2y;;
5-036.13;;
5-040.20;;
5-048.4x;;
5-055.42;;
5-056.01;;
5-057.41;;
5-059.00;;
5-059.04;;
5-071.33;;
5-091.2y;;
5-091.3y;;
5-100.2;;
5-101.01;;
5-101.02;;
5-101.05;;
5-101.15;;
5-102.0;;
5-102.00;;
5-102.05;;
5-103.14;;
5-104.00;;
5-106.22;;
5-106.y;;
5-107.00;;
5-125.12;;
5-125.1x;;
5-126.10;;
5-138.0y;;
5-143.01;;
5-143.04;;
5-143.x1;;
5-143.x3;;
5-144.02;;
5-144.04;;
5-144.0x;;
5-144.12;;
5-144.12;;
5-144.24;;
5-144.33;;
5-144.52;;
5-144.x2;;
5-144.x2;;
5-145.02;;
5-145.04;;
5-145.22;;
5-145.24;;
5-145.x4;;
5-146.02;;
5-146.03;;
5-146.04;;
5-146.14;;
5-146.x3;;
5-152.3;;
5-154.1;;
5-158.17;;
5-158.4y;;
5-163.1y;;
5-181.40;;
5-181.50;;
5-181.52;;
5-190;;
5-191.0;;
5-192.x;;
5-193.0;;
5-193.03;;
5-195.2;;
5-195.21;;
5-195.31;;
5-195.31;;
5-196;;
5-199.1;;
5-199.x;;
5-199.y;;
5-199.y;;
5-200.1;;
5-201.0;;
5-201.0;;
5-201.1;;
5-201.y;;
5-202.3;;
5-203.2;;
5-203.3;;
5-203.4;;
5-203.5;;
5-203.8;;
5-212.32;;
5-214.1;;
5-215.11;;
5-215.21;;
5-215.30;;
5-218.5;;
5-218.51;;
5-218.70;;
5-218.y0;;
5-221.10;;
5-221.1y;;
5-221.30;;
5-221.31;;
5-221.50;;
5-221.50;;
5-221.51;;
5-221.x1;;
5-229.0;;
5-229.1;;
5-229.2;;
5-229.y;;
5-231.1y;;
5-235.x3;;
5-263.25;;
5-272.30;;
5-272.41;;
5-275.42;;
5-275.5;;
5-276.0;;
5-280.11;;
5-292.10;;
5-292.11;;
5-292.12;;
5-292.1x;;
5-292.2x;;
5-300.00;;
5-300.22;;
5-300.x0;;
5-316.1x;;
5-322.23;;
5-322.71;;
5-322.e3;;
5-322.e3;;
5-322.h1;;
5-322.x1;;
5-322.x3;;
5-322.y1;;
5-323.01;;
5-323.02;;
5-324.11;;
5-333.01;;
5-340.11;;
5-340.31;;
5-346.33;;
5-347.10;;
5-351.09;;
5-35a.51;;
5-371.1;;
5-371.2;;
5-377.3x;;
5-377.n1;;
5-377.x0;;
5-377.y1;;
5-378.98;;
5-378.99;;
5-385.61;;
5-386.0y;;
5-389.4y;;
5-38a.3;;
5-38a.3;;
5-392.12;;
5-392.32;;
5-393.34;;
5-393.71;;
5-394.06;;
5-394.17;;
5-394.30;;
5-394.53;;
5-394.57;;
5-395.50;;
5-398.11;;
5-399.30;;
5-399.41;;
5-399.7x;;
5-399.a;;
5-399.a;;
5-403.2y;;
5-404.04;;
5-404.6;;
5-404.9;;
5-428.6x;;
5-428.70;;
5-429.91;;
5-429.91;;
5-443.2x;;
5-445.2x;;
5-445.2x;;
5-448.92;;
5-449.g3;;
5-451.62;;
5-452.b2;;
5-455.00;;
5-457.x;;
5-461.1x;;
5-466.09;;
5-466.1x;;
5-466.23;;
5-469.a3;;
5-470.04;;
5-470.14;;
5-482.20;;
5-484.34;;
5-484.54;;
5-496.51;;
5-496.7;;
5-501.30;;
5-501.33;;
5-501.93;;
5-506.00;;
5-511.30;;
5-513.11;;
5-513.61;;
5-513.81;;
5-514.73;;
5-536.4f;;
5-536.4g;;
5-536.4h;;
5-538.00;;
5-541.24;;
5-545.03;;
5-549.22;;
5-549.24;;
5-549.40;;
5-554.02;;
5-554.03;;
5-554.55;;
5-554.y1;;
5-562.52;;
5-564.0;;
5-565.03;;
5-567.5;;
5-568.40;;
5-568.41;;
5-568.6;;
5-569.82;;
5-569.82;;
5-570.03;;
5-573.32;;
5-573.32;;
5-579.y2;;
5-582.12;;
5-582.31;;
5-624.0;;
5-624.1;;
5-624.2;;
5-625.0;;
5-625.1;;
5-636.21;;
5-636.22;;
5-651.01;;
5-651.20;;
5-651.21;;
5-651.25;;
5-651.30;;
5-651.32;;
5-651.42;;
5-651.62;;
5-651.70;;
5-653.01;;
5-653.10;;
5-653.12;;
5-657.00;;
5-657.02;;
5-657.0x;;
5-657.42;;
5-657.42;;
5-658.2;;
5-659.02;;
5-661.12;;
5-661.22;;
5-663.y1;;
5-663.y2;;
5-683.31;;
5-684.10;;
5-685.0y;;
5-685.10;;
5-685.y2;;
5-704.2;;
5-707.01;;
5-714.0;;
5-714.1;;
5-714.1;;
5-714.3;;
5-769.10;;
5-774.01;;
5-774.51;;
5-775.50;;
5-775.y2;;
5-776.22;;
5-776.43;;
5-776.8;;
5-777.53;;
5-777.x1;;
5-779.3x;;
5-780.4y;;
5-781.y2;;
5-782.1y;;
5-782.y3;;
5-783.y0;;
5-787.y4;;
5-791.04;;
5-791.26;;
5-791.76;;
5-791.83;;
5-791.x6;;
5-792.91;;
5-793.22;;
5-793.3c;;
5-794.15;;
5-794.y3;;
5-795.21;;
5-795.37;;
5-795.y1;;
5-801.11;;
5-801.1h;;
5-801.1h;;
5-801.2h;;
5-807.20;;
5-807.41;;
5-812.10;;
5-812.1g;;
5-812.1k;;
5-812.1k;;
5-812.1k;;
5-812.24;;
5-812.2h;;
5-812.2h;;
5-812.50;;
5-812.60;;
5-820.61;;
5-821.21;;
5-821.21;;
5-821.21;;
5-821.23;;
5-821.23;;
5-822.y0;;
5-836.37;;
5-836.44;;
5-836.46;;
5-836.47;;
5-838.40;;
5-83b.47;;
5-83b.57;;
5-83b.88;;
5-850.6b;;
5-850.9b;;
5-852.4b;;
5-854.0a;;
5-866.32;;
5-866.3x;;
5-871.13;;
5-874.03;;
5-874.04;;
5-874.0x;;
5-874.11;;
5-874.13;;
5-874.13;;
5-874.23;;
5-874.24;;
5-882.10;;
5-882.50;;
5-882.71;;
5-884.00;;
5-884.20;;
5-884.20;;
5-884.21;;
5-884.21;;
5-884.y0;;
5-885.50;;
5-885.60;;
5-885.x0;;
5-886.00;;
5-886.x0;;
5-889.01;;
5-890.x1;;
5-892.03;;
5-893.00;;
5-893.00;;
5-893.03;;
5-893.04;;
5-893.05;;
5-893.05;;
5-893.06;;
5-893.07;;
5-893.07;;
5-893.08;;
5-893.0a;;
5-893.0a;;
5-893.0b;;
5-893.0b;;
5-893.0b;;
5-893.0c;;
5-893.0d;;
5-893.0d;;
5-893.0f;;
5-893.0g;;
5-893.14;;
5-893.14;;
5-893.14;;
5-893.16;;
5-893.16;;
5-893.17;;
5-893.18;;
5-893.19;;
5-893.1a;;
5-893.1b;;
5-893.1c;;
5-893.1c;;
5-893.1c;;
5-893.1d;;
5-893.1d;;
5-893.1e;;
5-893.1f;;
5-893.1g;;
5-893.1x;;
5-893.20;;
5-893.24;;
5-893.25;;
5-893.25;;
5-893.27;;
5-893.28;;
5-893.29;;
5-893.29;;
5-893.29;;
5-893.2a;;
5-893.2b;;
5-893.2b;;
5-893.2c;;
5-893.2c;;
5-893.2e;;
5-893.2f;;
5-893.2x;;
5-893.2y;;
5-893.35;;
5-893.39;;
5-893.3a;;
5-893.3d;;
5-893.3e;;
5-893.3f;;
5-893.3f;;
5-893.3g;;
5-893.x0;;
5-893.x3;;
5-893.x4;;
5-893.x5;;
5-893.x7;;
5-893.x8;;
5-893.x9;;
5-893.xa;;
5-893.xb;;
5-893.xd;;
5-893.xd;;
5-893.xe;;
5-893.xe;;
5-893.xe;;
5-893.xf;;
5-893.xf;;
5-893.xg;;
5-893.xg;;
5-893.y4;;
5-893.y9;;
5-894.02;;
5-894.13;;
5-894.y5;;
5-894.y8;;
5-895.0y;;
5-895.21;;
5-895.x1;;
5-899.x4;;
5-899.x5;;
5-899.x8;;
5-899.xf;;
5-899.xf;;
5-900.01;;
5-900.y8;;
5-901.1y;;
5-901.y1;;
5-902.y8;;
5-903.01;;
5-903.31;;
5-907.01;;
5-908.20;;
5-909.40;;
5-916.d4;;
5-92a.01;;
5-932.83;;
5-940.1;;
5-950.0;;
5-951.7;;
5-952.37;;
5-952.y;;
5-973;;
5.152.1;;
6-002.01;;
6-002.04;;
6-002.07;;
6-002.0e;;
6-002.0f;;
6-002.0g;;
6-002.0k;;
6-002.0m;;
6-002.0r;;
6-002.0s;;
6-002.0u;;
6-002.39;;
6-002.3g;;
6-002.3r;;
6-002.5b;;
6-002.61;;
6-002.63;;
6-002.68;;
6-002.6g;;
6-002.6s;;
6-005.j6;;
6-008.50;;
6-008.5c;;
6-00a.b0;;
6-00a.e1;;
6-00a.k5;;
6-00a.ka;;
6-00c.3;;
6-00d.0;;
8-012.00;;
8-012.00;;
8-012.18;;
8-012.1b;;
8-012.1k;;
8-012.21;;
8-012.23;;
8-012.26;;
8-012.64;;
8-012.70;;
8-012.72;;
8-012.73;;
8-012.82;;
8-012.84;;
8-012.85;;
8-012.9a;;
8-012.a5;;
8-012.ab;;
8-012.b4;;
8-012.d0;;
8-012.d0;;
8-012.d4;;
8-012.d7;;
8-012.e6;;
8-012.ec;;
8-012.f1;;
8-012.f4;;
8-012.f5;;
8-012.f6;;
8-012.fe;;
8-012.fe;;
8-012.h0;;
8-012.k8;;
8-012.ka;;
8-012.kd;;
8-012.n0;;
8-012.n9;;
8-012.na;;
8-012.p2;;
8-012.p3;;
8-012.q5;;
8-012.w9;;
8-013.03;;
8-013.0c;;
8-013.0h;;
8-013.0r;;
8-013.0s;;
8-013.10;;
8-013.12;;
8-013.13;;
8-013.13;;
8-013.15;;
8-013.16;;
8-013.19;;
8-013.1h;;
8-013.21;;
8-013.21;;
8-013.2b;;
8-013.2d;;
8-013.30;;
8-013.31;;
8-013.38;;
8-013.39;;
8-013.3a;;
8-013.3f;;
8-013.3k;;
8-013.43;;
8-013.45;;
8-013.48;;
8-013.54;;
8-013.65;;
8-013.66;;
8-013.6a;;
8-013.6b;;
8-013.6c;;
8-013.85;;
8-013.93;;
8-013.b2;;
8-013.b4;;
8-013.ec;;
8-013.f4;;
8-013.f8;;
8-013.k0;;
8-013.k1;;
8-013.k3;;
8-013.k6;;
8-013.m0;;
8-013.m5;;
8-013.n2;;
8-114.03;;
8-114.04;;
8-114.y;;
8-130;;
8-134.0;;
8-136.0;;
8-136.1;;
8-136.3;;
8-147.3;;
8-170.0;;
8-192.d;;
8-203.2;;
8-205.y;;
8-243;;
8-303.2;;
8-303.y;;
8-320.2;;
8-335.1;;
8-496.2;;
8-511.y;;
8-522.7;;
8-522.8;;
8-527.3;;
8-527.4;;
8-528.0;;
8-528.0;;
8-528.1;;
8-528.4;;
8-529.2;;
8-530.44;;
8-540.2;;
8-551.1;;
8-559.00;;
8-710.y;;
8-718.80;;
8-718.80;;
8-718.82;;
8-718.y;;
8-718.y;;
8-800.4;;
8-800.6f;;
8-800.70;;
8-800.70;;
8-800.71;;
8-800.73;;
8-800.73;;
8-800.74;;
8-800.76;;
8-800.76;;
8-800.78;;
8-800.7a;;
8-800.7a;;
8-800.7d;;
8-800.7h;;
8-800.85;;
8-805.01;;
8-805.51;;
8-805.51;;
8-810.2;;
8-810.f0;;
8-810.m2;;
8-810.mk;;
8-810.r7;;
8-810.rc;;
8-810.rn;;
8-810.ud;;
8-810.ug;;
8-810.uh;;
8-810.vq;;
8-820.06;;
8-820.07;;
8-827.0;;
8-827.4;;
8-827.x;;
8-835.5;;
8-836.01;;
8-836.01;;
8-836.44;;
8-836.48;;
8-836.49;;
8-836.4a;;
8-836.56;;
8-836.59;;
8-836.a9;;
8-836.ad;;
8-836.db;;
8-836.e9;;
8-836.f2;;
8-836.f2;;
8-836.f2;;
8-836.f6;;
8-836.f7;;
8-836.f8;;
8-836.fb;;
8-836.fc;;
8-836.g1;;
8-836.gb;;
8-836.gb;;
8-836.gx;;
8-836.gx;;
8-836.ha;;
8-836.s9;;
8-836.y6;;
8-838.n0;;
8-839.2;;
8-840.11;;
8-851.2;;
8-853.26;;
8-854.0;;
8-854.11;;
8-854.14;;
8-855.0;;
8-855.22;;
8-855.23;;
8-855.27;;
8-855.28;;
8-857.25;;
8-857.25;;
8-895.2;;
8-910.x;;
8-935;;
8-941.1;;
8-944.y;;
8-981.33;;
8-98b.23;;
8-98c.0;;
8-98c.4;;
9-309;;
9-401.20;;
9-401.24;;
9-985.0;;
9-999.04;;
1-203.07;;
1-206.0;;
1-207.5;;
1-209.1;;
1-221;;
1-229.12;;
1-243.1;;
1-272.x;;
1-273.0;;
1-339.x;;
1-440.3;;
1-444.1;;
1-444.2y;;
1-451;;
1-463.10;;
1-484.27;;
1-489;;
1-500.2;;
1-500.2;;
1-500.4;;
1-500.5;;
1-500.7;;
1-500.7;;
1-500.y;;
1-504.02;;
1-521;;
1-521;;
1-521;;
1-523;;
1-530;;
1-530;;
1-540;;
1-540;;
1-541;;
1-543;;
1-545.2;;
1-552.y;;
1-555.y;;
1-558.2;;
1-558.x;;
1-564.2;;
1-611.00;;
1-614.y;;
1-615.x;;
1-615.y;;
1-616.y;;
1-620.3;;
1-622.0;;
1-633;;
1-633.1;;
1-633.2;;
1-637.20;;
1-642.0;;
1-653.0;;
1-658;;
1-669;;
1-690.x;;
1-717.0;;
1-868.0;;
1-910.0;;
1-941.20;;
1-995.11;;
1-995.13;;
1-995.23;;
1-995.30;;
1-996.02;;
1-996.04;;
116b020100;;
116b020300;;
116b020400;;
116b020600;;
116b020700;;
116b021100;;
116b021200;;
116b030101;;
116b030102;;
116b030105;;
116b030110;;
116b030200;;
116b030300;;
116b030400;;
116b030500;;
3-010;;
3-229;;
3-229;;
5-015.05;;
5-015.10;;
5-015.1x;;
5-017.1x;;
5-020.42;;
5-021.30;;
5-023.13;;
5-025.24;;
5-025.80;;
5-025.yx;;
5-029.0;;
5-029.9;;
5-030.73;;
5-032.1x;;
5-032.1y;;
5-032.23;;
5-039.20;;
5-044.35;;
5-056.00;;
5-056.00;;
5-056.31;;
5-057.00;;
5-059.04;;
5-063.3;;
5-071.13;;
5-071.30;;
5-071.31;;
5-086.12;;
5-101.00;;
5-101.03;;
5-101.04;;
5-101.04;;
5-101.2;;
5-101.2;;
5-101.y;;
5-102.00;;
5-102.01;;
5-102.02;;
5-102.03;;
5-103.05;;
5-107.0;;
5-108.y;;
5-109.33;;
5-109.y;;
5-123.0y;;
5-123.10;;
5-135.31;;
5-144.00;;
5-144.01;;
5-144.01;;
5-144.11;;
5-144.11;;
5-144.12;;
5-144.1x;;
5-144.34;;
5-144.x1;;
5-144.x1;;
5-144.x1;;
5-145.23;;
5-145.24;;
5-145.x1;;
5-145.x4;;
5-145.x4;;
5-146.01;;
5-146.01;;
5-146.02;;
5-146.03;;
5-146.12;;
5-146.13;;
5-155.8y;;
5-166.4;;
5-190;;
5-191.0;;
5-191.1;;
5-191.1;;
5-191.x;;
5-191.y;;
5-193.01;;
5-195.0;;
5-195.1;;
5-195.11;;
5-195.4;;
5-195.5;;
5-195.5;;
5-195.x0;;
5-199.0;;
5-199.0;;
5-199.y;;
5-200.00;;
5-200.1;;
5-200.11;;
5-200.2;;
5-200.x0;;
5-201.0;;
5-201.0;;
5-203.6;;
5-204.21;;
5-209.10;;
5-209.1x;;
5-209.20;;
5-212.30;;
5-214.1;;
5-214.10;;
5-217.20;;
5-218.30;;
5-218.31;;
5-221.00;;
5-221.10;;
5-221.11;;
5-221.1y;;
5-221.20;;
5-221.2y;;
5-221.3;;
5-221.41;;
5-221.50;;
5-221.x1;;
5-223.4;;
5-229.0;;
5-229.1;;
5-229.x;;
5-229.x;;
5-234.y;;
5-235.22;;
5-237.2y;;
5-244.04;;
5-245.x;;
5-253.10;;
5-253.11;;
5-272.00;;
5-272.01;;
5-272.42;;
5-276.3;;
5-292.1x;;
5-292.1x;;
5-292.20;;
5-292.21;;
5-300.y1;;
5-316.62;;
5-319.5;;
5-320.02;;
5-322.00;;
5-322.01;;
5-322.21;;
5-322.61;;
5-322.81;;
5-322.c1;;
5-322.h1;;
5-322.x2;;
5-324.01;;
5-324.13;;
5-343.23;;
5-346.82;;
5-347.y1;;
5-35b.00;;
5-377.00;;
5-377.01;;
5-377.10;;
5-377.20;;
5-378.10;;
5-378.10;;
5-378.11;;
5-378.98;;
5-378.99;;
5-378.99;;
5-379.e;;
5-380.75;;
5-385.10;;
5-38a.15;;
5-38a.5;;
5-38a.6;;
5-38a.w1;;
5-393.21;;
5-393.39;;
5-394.03;;
5-394.07;;
5-394.23;;
5-394.47;;
5-394.60;;
5-399.50;;
5-399.71;;
5-402.15;;
5-402.40;;
5-402.41;;
5-403.0y;;
5-403.y1;;
5-404.2;;
5-404.9;;
5-411.1;;
5-413.y1;;
5-429.70;;
5-429.72;;
5-429.j6;;
5-42a.2;;
5-434.01;;
5-439.y;;
5-448.82;;
5-448.8x;;
5-451.3;;
5-451.60;;
5-451.62;;
5-465.11;;
5-465.13;;
5-465.14;;
5-465.20;;
5-465.y3;;
5-466.25;;
5-469.2y;;
5-469.9x;;
5-470.13;;
5-470.21;;
5-484.44;;
5-484.64;;
5-484.64;;
5-493.00;;
5-493.20;;
5-493.20;;
5-493.61;;
5-496.30;;
5-496.51;;
5-511.10;;
5-511.2y;;
5-512.44;;
5-513.64;;
5-513.g;;
5-524.21;;
5-526.6;;
5-536.40;;
5-541.22;;
5-549.41;;
5-549.41;;
5-554.01;;
5-554.10;;
5-555.y0;;
5-564.1;;
5-569.3y;;
5-569.80;;
5-573.31;;
5-576.42;;
5-582.20;;
5-582.23;;
5-602.22;;
5-623.0;;
5-624.1;;
5-637.31;;
5-641.12;;
5-649.54;;
5-651.00;;
5-651.03;;
5-651.21;;
5-651.22;;
5-651.40;;
5-651.62;;
5-652.02;;
5-652.22;;
5-653.10;;
5-653.13;;
5-657.32;;
5-657.3x;;
5-657.52;;
5-658.0;;
5-661.02;;
5-661.2x;;
5-661.y2;;
5-666.12;;
5-669.x;;
5-674.01;;
5-685.30;;
5-691.0;;
5-702.41;;
5-707.00;;
5-707.01;;
5-707.11;;
5-709.x;;
5-714.3;;
5-716.10;;
5-731.x;;
5-731.y;;
5-766.34;;
5-769.24;;
5-772.1y;;
5-774.11;;
5-774.y1;;
5-775.21;;
5-776.01;;
5-776.y1;;
5-781.y0;;
5-781.y4;;
5-781.y9;;
5-781.yc;;
5-782.0y;;
5-782.y1;;
5-782.yb;;
5-782.yd;;
5-783.y1;;
5-783.yx;;
5-785.y0;;
5-787.yx;;
5-791.01;;
5-791.54;;
5-791.91;;
5-791.y1;;
5-792.26;;
5-792.y2;;
5-793.12;;
5-793.15;;
5-793.1c;;
5-793.x5;;
5-794.y1;;
5-795.11;;
5-795.23;;
5-796.15;;
5-796.x4;;
5-801.10;;
5-801.13;;
5-801.14;;
5-801.1j;;
5-801.1x;;
5-802.50;;
5-802.81;;
5-805.70;;
5-806.40;;
5-812.16;;
5-812.1h;;
5-812.1k;;
5-821.21;;
5-822.y2;;
5-824.x2;;
5-836.1;;
5-836.2;;
5-836.35;;
5-836.39;;
5-836.46;;
5-836.56;;
5-838.5;;
5-838.90;;
5-838.91;;
5-838.a1;;
5-83b.07;;
5-83b.44;;
5-83b.55;;
5-83b.56;;
5-83b.74;;
5-83b.x8;;
5-840.14;;
5-849.33;;
5-852.bc;;
5-854.2a;;
5-854.4a;;
5-854.xa;;
5-855.1c;;
5-871.10;;
5-871.11;;
5-874.02;;
5-874.11;;
5-874.13;;
5-874.14;;
5-874.24;;
5-874.24;;
5-882.01;;
5-882.y2;;
5-883.02;;
5-885.30;;
5-885.30;;
5-885.x1;;
5-889.10;;
5-892.0y;;
5-892.11;;
5-893.04;;
5-893.05;;
5-893.06;;
5-893.06;;
5-893.07;;
5-893.09;;
5-893.09;;
5-893.0c;;
5-893.0d;;
5-893.0d;;
5-893.0d;;
5-893.0d;;
5-893.0d;;
5-893.0e;;
5-893.0e;;
5-893.0e;;
5-893.0e;;
5-893.0e;;
5-893.0g;;
5-893.0x;;
5-893.0x;;
5-893.0x;;
5-893.14;;
5-893.14;;
5-893.14;;
5-893.15;;
5-893.15;;
5-893.16;;
5-893.16;;
5-893.17;;
5-893.17;;
5-893.18;;
5-893.18;;
5-893.1a;;
5-893.1b;;
5-893.1b;;
5-893.1c;;
5-893.1d;;
5-893.1d;;
5-893.1e;;
5-893.1f;;
5-893.1f;;
5-893.1g;;
5-893.1g;;
5-893.1x;;
5-893.1x;;
5-893.1y;;
5-893.25;;
5-893.25;;
5-893.26;;
5-893.27;;
5-893.27;;
5-893.29;;
5-893.2b;;
5-893.2b;;
5-893.2d;;
5-893.2e;;
5-893.2g;;
5-893.2g;;
5-893.2x;;
5-893.30;;
5-893.35;;
5-893.36;;
5-893.39;;
5-893.3a;;
5-893.3b;;
5-893.x4;;
5-893.x4;;
5-893.x5;;
5-893.x6;;
5-893.x6;;
5-893.x6;;
5-893.x9;;
5-893.xa;;
5-893.xb;;
5-893.xd;;
5-893.xf;;
5-893.y7;;
5-894.22;;
5-894.23;;
5-895.31;;
5-899.x4;;
5-899.y;;
5-900.13;;
5-900.y1;;
5-900.y3;;
5-902.02;;
5-902.03;;
5-902.2y;;
5-902.f4;;
5-909.43;;
5-909.48;;
5-910.0;;
5-913.4y;;
5-916.d4;;
5-923.d8;;
5-92a.10;;
5-92a.x0;;
5-932.92;;
5-940.0;;
5-941.0;;
5-951.x;;
5-952.32;;
5-970.00;;
5-970.34;;
5-970.x;;
5-98h.4;;
5-98h.5;;
6-001.51;;
6-001.53;;
6-001.54;;
6-001.57;;
6-002.01;;
6-002.04;;
6-002.0c;;
6-002.0h;;
6-002.0p;;
6-002.33;;
6-002.33;;
6-002.3b;;
6-002.3m;;
6-002.3m;;
6-002.62;;
6-002.63;;
6-002.69;;
6-002.6b;;
6-002.6j;;
6-002.6n;;
6-002.6u;;
6-005.jd;;
6-005.p6;;
6-005.q7;;
6-008.52;;
6-008.55;;
6-008.57;;
6-008.59;;
6-008.5g;;
6-00a.b8;;
6-00a.k9;;
6-00a.kb;;
6-00a.kc;;
6-00d.g;;
8-012.1f;;
8-012.1p;;
8-012.1q;;
8-012.22;;
8-012.25;;
8-012.44;;
8-012.47;;
8-012.48;;
8-012.51;;
8-012.53;;
8-012.58;;
8-012.72;;
8-012.82;;
8-012.84;;
8-012.a0;;
8-012.c0;;
8-012.d1;;
8-012.d3;;
8-012.d5;;
8-012.e3;;
8-012.e5;;
8-012.e5;;
8-012.f4;;
8-012.f7;;
8-012.fd;;
8-012.fd;;
8-012.h1;;
8-012.h4;;
8-012.j1;;
8-012.j5;;
8-012.j6;;
8-012.j8;;
8-012.ks;;
8-012.n1;;
8-012.n2;;
8-012.n4;;
8-012.n7;;
8-012.nk;;
8-012.p0;;
8-012.p4;;
8-012.p7;;
8-012.q5;;
8-012.q8;;
8-012.q9;;
8-012.qc;;
8-012.qh;;
8-012.qn;;
8-012.r2;;
8-012.r3;;
8-012.r4;;
8-012.t2;;
8-012.u5;;
8-012.u9;;
8-012.v3;;
8-013.02;;
8-013.02;;
8-013.06;;
8-013.0b;;
8-013.0t;;
8-013.0u;;
8-013.10;;
8-013.14;;
8-013.16;;
8-013.17;;
8-013.18;;
8-013.1c;;
8-013.1e;;
8-013.1j;;
8-013.22;;
8-013.22;;
8-013.24;;
8-013.33;;
8-013.34;;
8-013.37;;
8-013.37;;
8-013.3b;;
8-013.3c;;
8-013.3e;;
8-013.42;;
8-013.44;;
8-013.54;;
8-013.55;;
8-013.61;;
8-013.66;;
8-013.6c;;
8-013.6g;;
8-013.84;;
8-013.92;;
8-013.97;;
8-013.a4;;
8-013.b5;;
8-013.e5;;
8-013.e7;;
8-013.f2;;
8-013.f3;;
8-013.fd;;
8-013.f;;
8-013.fh;;
8-013.fn;;
8-013.j0;;
8-013.j4;;
8-013.k8;;
8-013.k9;;
8-013.ke;;
8-013.m2;;
8-013.m3;;
8-127.x;;
8-136.0;;
8-137.20;;
8-137.23;;
8-160.0;;
8-170.0;;
8-202.21;;
8-205.00;;
8-205.11;;
8-208.y;;
8-214.0;;
8-321.1;;
8-321.3;;
8-334.0;;
8-511.02;;
8-522.4;;
8-522.5;;
8-522.7;;
8-527.3;;
8-528.1;;
8-528.4;;
8-529.0;;
8-529.1;;
8-532.x;;
8-540.2;;
8-540.3;;
8-540.4;;
8-690.1;;
8-699.x;;
8-700.2;;
8-710.0x;;
8-718.7;;
8-718.72;;
8-718.83;;
8-770;;
8-770;;
8-800.2;;
8-800.4;;
8-800.5;;
8-800.6f;;
8-800.70;;
8-800.71;;
8-800.71;;
8-800.74;;
8-800.75;;
8-800.76;;
8-800.77;;
8-800.77;;
8-800.78;;
8-800.79;;
8-800.7d;;
8-800.7d;;
8-800.7f;;
8-800.8s;;
8-800.a0;;
8-805.01;;
8-805.1;;
8-805.31;;
8-806.0;;
8-806.2;;
8-810.3;;
8-810.4;;
8-810.e2;;
8-810.e2;;
8-810.g0;;
8-810.g9;;
8-810.m1;;
8-810.m3;;
8-810.mc;;
8-810.mf;;
8-810.r2;;
8-810.re;;
8-810.rf;;
8-810.ua;;
8-810.uc;;
8-810.v0;;
8-810.vd;;
8-810.vs;;
8-820.05;;
8-825.10;;
8-831.3;;
8-831.4;;
8-832.4;;
8-835.6;;
8-836.01;;
8-836.42;;
8-836.58;;
8-836.a0;;
8-836.d4;;
8-836.f0;;
8-836.f4;;
8-836.f5;;
8-836.fa;;
8-836.g0;;
8-836.g4;;
8-836.g7;;
8-836.g9;;
8-836.ga;;
8-836.j1;;
8-836.sa;;
8-836.t8;;
8-836.ub;;
8-836.y8;;
8-836.yx;;
8-837.r;;
8-839.2;;
8-83b.81;;
8-83b.89;;
8-83b.8a;;
8-83b.c0;;
8-83b.c1;;
8-83c.14;;
8-845.y;;
8-849.y;;
8-851.2;;
8-851.2;;
8-853.2;;
8-853.22;;
8-853.23;;
8-854.0;;
8-854.0;;
8-854.0;;
8-854.1;;
8-854.14;;
8-854.18;;
8-855.0;;
8-855.2;;
8-855.25;;
8-855.26;;
8-855.28;;
8-855.75;;
8-855.75;;
8-873.y;;
8-901.0;;
8-910.y;;
8-915.00;;
8-916.2;;
8-929;;
8-939;;
8-977.2;;
8-981.23;;
8-981.31;;
8-981.32;;
8-981.33;;
8-98b.21;;
8-98b.22;;
8-98b.33;;
8-98c.5;;
9-250.3;;
9-401.24;;
9-409;;
9-999.03;;
0-0;;
1-206.2;;
1-209.y;;
1-229.y;;
1-239.1;;
1-243.y;;
1-259.x;;
1-272.0;;
1-272.2;;
1-272.2;;
1-272.3;;
1-272.4;;
1-309.x;;
1-310;;
1-332;;
1-339;;
1-340.0;;
1-413.y;;
1-440.1;;
1-440.2;;
1-440.5;;
1-443.0;;
1-444.0;;
1-444.5;;
1-450;;
1-454.0;;
1-457.y;;
1-472.1;;
1-476;;
1-500;;
1-500.1;;
1-500.2;;
1-500.4;;
1-500.6;;
1-500.6;;
1-500.7;;
1-500.7;;
1-500.x;;
1-521;;
1-523;;
1-523;;
1-539.y;;
1-541;;
1-543;;
1-543;;
1-544;;
1-544;;
1-544.0;;
1-545.0;;
1-545.2;;
1-556.y;;
1-557.y;;
1-558.0;;
1-558.0;;
1-558.1;;
1-558.2;;
1-564.2;;
1-564.x;;
1-569.4;;
1-569.4;;
1-583.y;;
1-612.1;;
1-621.10;;
1-636.2;;
1-641.1;;
1-653.1;;
1-653.x;;
1-653.x;;
1-653.y;;
1-653.y;;
1-679.x;;
1-695.3;;
1-695.5;;
1-695.6;;
1-941.30;;
1-991.3;;
1-995.10;;
1-995.20;;
1-999.3;;
1-999.40;;
116b020200;;
116b020300;;
116b020400;;
116b020600;;
116b030110;;
116b030200;;
116b030800;;
3-009;;
5-015.11;;
5-015.24;;
5-020.33;;
5-022.03;;
5-025.64;;
5-028.01;;
5-028.02;;
5-029.9;;
5-030.6y;;
5-031.33;;
5-032.43;;
5-036.63;;
5-039.r;;
5-040.90;;
5-041.81;;
5-045.42;;
5-059.01;;
5-059.4;;
5-061.1;;
5-062.2;;
5-062.2;;
5-063.1;;
5-063.1;;
5-070.01;;
5-071.33;;
5-076.x;;
5-096.04;;
5-100.04;;
5-101.0;;
5-101.0;;
5-101.1;;
5-101.12;;
5-101.13;;
5-102.02;;
5-102.11;;
5-103.04;;
5-104.0;;
5-109.31;;
5-109.35;;
5-109.x2;;
5-135.42;;
5-135.5x;;
5-139.1y;;
5-141;;
5-143.11;;
5-143.11;;
5-143.2;;
5-143.4;;
5-144.00;;
5-144.02;;
5-144.10;;
5-144.11;;
5-144.13;;
5-144.14;;
5-144.14;;
5-145.01;;
5-145.02;;
5-145.21;;
5-145.22;;
5-145.23;;
5-146.02;;
5-146.04;;
5-146.22;;
5-146.23;;
5-146.24;;
5-149.3;;
5-159.0y;;
5-159.xy;;
5-164.00;;
5-191.0;;
5-191.x;;
5-191.y;;
5-193.x;;
5-193.x;;
5-193.y;;
5-195.1;;
5-195.13;;
5-195.2;;
5-195.30;;
5-195.40;;
5-195.7;;
5-196;;
5-199.x;;
5-200.0;;
5-200.0;;
5-200.3;;
5-201.1;;
5-201.1;;
5-202.3;;
5-202.4;;
5-203.3;;
5-203.3;;
5-203.8;;
5-213.00;;
5-215.0y;;
5-215.20;;
5-215.20;;
5-215.21;;
5-215.31;;
5-217.11;;
5-221.11;;
5-221.2y;;
5-221.40;;
5-221.40;;
5-222.2y;;
5-229.0;;
5-229.x;;
5-229.y;;
5-234.x;;
5-253.13;;
5-262.4y;;
5-272.11;;
5-272.1x;;
5-272.4x;;
5-275.40;;
5-275.6;;
5-276.0;;
5-276.2;;
5-280.10;;
5-280.12;;
5-292.10;;
5-292.10;;
5-292.11;;
5-292.11;;
5-292.20;;
5-292.20;;
5-292.21;;
5-292.22;;
5-292.22;;
5-300.10;;
5-300.20;;
5-300.x2;;
5-300.y0;;
5-315.40;;
5-315.51;;
5-320.7;;
5-322.13;;
5-322.21;;
5-322.c2;;
5-322.x1;;
5-322.x2;;
5-323.01;;
5-323.03;;
5-324.14;;
5-339.02;;
5-340.30;;
5-340.30;;
5-340.3x;;
5-340.4;;
5-347.y2;;
5-35b.02;;
5-35b.11;;
5-378.14;;
5-378.98;;
5-378.98;;
5-381.75;;
5-382.36;;
5-385.20;;
5-385.31;;
5-385.40;;
5-38a.11;;
5-38a.3;;
5-393.22;;
5-393.34;;
5-393.34;;
5-393.37;;
5-393.80;;
5-394.09;;
5-394.10;;
5-394.12;;
5-394.62;;
5-399.61;;
5-402.01;;
5-404.3;;
5-404.7;;
5-404.7;;
5-404.c;;
5-413.x1;;
5-422.5y;;
5-429.42;;
5-436.y1;;
5-439.y;;
5-440.y9;;
5-449.g3;;
5-449.v3;;
5-451.3;;
5-451.c2;;
5-455.y0;;
5-457.0x;;
5-461.3x;;
5-461.5x;;
5-461.5x;;
5-463.2x;;
5-464.y1;;
5-465.10;;
5-465.12;;
5-466.00;;
5-493.00;;
5-493.01;;
5-493.02;;
5-493.02;;
5-493.21;;
5-493.21;;
5-501.a3;;
5-506.01;;
5-511.0y;;
5-511.1y;;
5-511.20;;
5-513.52;;
5-513.54;;
5-513.61;;
5-513.6x;;
5-513.82;;
5-513.e1;;
5-514.6x;;
5-514.73;;
5-514.93;;
5-514.j3;;
5-523.22;;
5-524.23;;
5-524.32;;
5-536.40;;
5-536.40;;
5-536.42;;
5-549.21;;
5-549.2x;;
5-549.44;;
5-552.55;;
5-554.01;;
5-554.04;;
5-554.45;;
5-554.94;;
5-564.01;;
5-566.60;;
5-568.40;;
5-570.0x;;
5-575.0y;;
5-576.y3;;
5-582.3x;;
5-624.3;;
5-625.3;;
5-626.01;;
5-637.22;;
5-643.12;;
5-650.00;;
5-650.02;;
5-650.12;;
5-651.02;;
5-651.02;;
5-651.10;;
5-651.22;;
5-651.22;;
5-651.23;;
5-651.2x;;
5-651.30;;
5-651.31;;
5-651.32;;
5-651.72;;
5-652.20;;
5-652.20;;
5-652.22;;
5-652.2x;;
5-652.30;;
5-652.32;;
5-653.00;;
5-653.02;;
5-653.02;;
5-653.10;;
5-656.52;;
5-657.20;;
5-657.20;;
5-657.32;;
5-657.42;;
5-657.52;;
5-657.6y;;
5-657.y1;;
5-657.y2;;
5-660.12;;
5-660.12;;
5-661.01;;
5-665.01;;
5-665.02;;
5-672.01;;
5-681.00;;
5-684.20;;
5-685.11;;
5-691.0;;
5-691.y;;
5-703.26;;
5-704.2;;
5-704.2;;
5-707.00;;
5-707.01;;
5-707.01;;
5-712.0x;;
5-715.1;;
5-716.1x;;
5-738.1;;
5-766.50;;
5-769.13;;
5-769.23;;
5-771.05;;
5-775.x0;;
5-776.20;;
5-776.8;;
5-776.x0;;
5-782.y0;;
5-782.y2;;
5-787.1y;;
5-787.y3;;
5-791.06;;
5-791.61;;
5-791.81;;
5-791.x3;;
5-792.44;;
5-792.76;;
5-793.7b;;
5-795.13;;
5-795.29;;
5-795.y0;;
5-796.02;;
5-796.11;;
5-796.13;;
5-797.10;;
5-797.12;;
5-797.30;;
5-799.0;;
5-800.y7;;
5-801.1k;;
5-801.24;;
5-802.40;;
5-802.52;;
5-805.74;;
5-805.7x;;
5-807.51;;
5-808.9;;
5-808.9;;
5-808.9;;
5-810.y5;;
5-810.y6;;
5-812.11;;
5-812.14;;
5-812.14;;
5-812.17;;
5-812.25;;
5-812.2k;;
5-813.60;;
5-813.62;;
5-820.61;;
5-821.21;;
5-821.23;;
5-821.34;;
5-822.82;;
5-830.71;;
5-836.34;;
5-83b.24;;
5-83b.25;;
5-83b.35;;
5-83b.46;;
5-83b.48;;
5-83b.54;;
5-83b.54;;
5-83b.58;;
5-83b.58;;
5-840.10;;
5-840.8y;;
5-840.y1;;
5-842.4y;;
5-849.30;;
5-849.32;;
5-849.yx;;
5-852.ab;;
5-852.y0;;
5-854.1a;;
5-854.2a;;
5-854.2a;;
5-854.4a;;
5-855.04;;
5-855.1b;;
5-857.9b;;
5-866.52;;
5-866.x1;;
5-871.y0;;
5-874.01;;
5-874.01;;
5-874.03;;
5-874.0x;;
5-874.11;;
5-874.13;;
5-874.14;;
5-874.21;;
5-874.23;;
5-881.10;;
5-881.20;;
5-883.1y;;
5-883.22;;
5-884.00;;
5-884.12;;
5-885.30;;
5-885.50;;
5-885.60;;
5-885.70;;
5-885.72;;
5-886.12;;
5-886.22;;
5-886.x1;;
5-889.01;;
5-889.02;;
5-889.10;;
5-889.11;;
5-889.11;;
5-892.01;;
5-892.0y;;
5-892.y9;;
5-893.00;;
5-893.02;;
5-893.05;;
5-893.05;;
5-893.06;;
5-893.08;;
5-893.08;;
5-893.0b;;
5-893.0b;;
5-893.0c;;
5-893.0c;;
5-893.0f;;
5-893.0f;;
5-893.0g;;
5-893.0g;;
5-893.0x;;
5-893.10;;
5-893.11;;
5-893.14;;
5-893.15;;
5-893.16;;
5-893.16;;
5-893.17;;
5-893.19;;
5-893.19;;
5-893.1a;;
5-893.1a;;
5-893.1d;;
5-893.1d;;
5-893.1e;;
5-893.1e;;
5-893.1e;;
5-893.1e;;
5-893.1g;;
5-893.1x;;
5-893.24;;
5-893.24;;
5-893.26;;
5-893.27;;
5-893.27;;
5-893.28;;
5-893.28;;
5-893.29;;
5-893.29;;
5-893.29;;
5-893.2a;;
5-893.2b;;
5-893.2c;;
5-893.2c;;
5-893.2c;;
5-893.2d;;
5-893.2d;;
5-893.2e;;
5-893.2f;;
5-893.2f;;
5-893.30;;
5-893.34;;
5-893.38;;
5-893.3c;;
5-893.3e;;
5-893.x4;;
5-893.x5;;
5-893.x6;;
5-893.x7;;
5-893.x8;;
5-893.x8;;
5-893.x9;;
5-893.x9;;
5-893.xa;;
5-893.xa;;
5-893.xa;;
5-893.xd;;
5-893.xd;;
5-893.xe;;
5-893.xg;;
5-894.11;;
5-894.3a;;
5-894.3c;;
5-894.x2;;
5-894.y4;;
5-894.yx;;
5-895.3y;;
5-899.x9;;
5-899.xg;;
5-899.x;;
5-900.1y;;
5-902.01;;
5-902.x3;;
5-902.y9;;
5-903.12;;
5-908.10;;
5-909.45;;
5-910.0;;
5-910.1;;
5-923.da;;
5-92a.x0;;
5-932.80;;
5-932.82;;
5-951.1;;
5-951.2;;
5-951.5x;;
5-952.3x;;
6-001.56;;
6-001.5a;;
6-001.gc;;
6-002.06;;
6-002.06;;
6-002.0d;;
6-002.0e;;
6-002.0g;;
6-002.0k;;
6-002.0n;;
6-002.0r;;
6-002.0u;;
6-002.36;;
6-002.3b;;
6-002.3c;;
6-002.3g;;
6-002.3j;;
6-002.3r;;
6-002.64;;
6-002.6d;;
6-002.6e;;
6-002.6f;;
6-005.j3;;
6-009.bd;;
6-00a.b3;;
6-00a.k1;;
6-00a.k6;;
6-00a.k8;;
6-00a.ka;;
6-00c.a;;
6-00c.d;;
6-00c.d;;
6-00d.e;;
8-012.12;;
8-012.16;;
8-012.1a;;
8-012.1e;;
8-012.29;;
8-012.54;;
8-012.58;;
8-012.58;;
8-012.62;;
8-012.70;;
8-012.80;;
8-012.83;;
8-012.93;;
8-012.94;;
8-012.97;;
8-012.a;;
8-012.af;;
8-012.an;;
8-012.d2;;
8-012.d5;;
8-012.e2;;
8-012.e4;;
8-012.ea;;
8-012.ea;;
8-012.f0;;
8-012.f1;;
8-012.f3;;
8-012.f5;;
8-012.fe;;
8-012.g2;;
8-012.h1;;
8-012.h1;;
8-012.h7;;
8-012.j9;;
8-012.k0;;
8-012.k7;;
8-012.m1;;
8-012.n3;;
8-012.nd;;
8-012.p6;;
8-012.p7;;
8-012.p9;;
8-012.q8;;
8-012.qb;;
8-012.r2;;
8-012.r3;;
8-012.u2;;
8-012.ua;;
8-012.uc;;
8-013.04;;
8-013.08;;
8-013.0b;;
8-013.0n;;
8-013.18;;
8-013.1a;;
8-013.1e;;
8-013.23;;
8-013.25;;
8-013.26;;
8-013.28;;
8-013.2b;;
8-013.3c;;
8-013.3d;;
8-013.3j;;
8-013.3p;;
8-013.3r;;
8-013.41;;
8-013.44;;
8-013.47;;
8-013.50;;
8-013.52;;
8-013.53;;
8-013.56;;
8-013.60;;
8-013.64;;
8-013.65;;
8-013.67;;
8-013.68;;
8-013.6g;;
8-013.94;;
8-013.99;;
8-013.a1;;
8-013.e3;;
8-013.e6;;
8-013.h2;;
8-013.j6;;
8-013.j8;;
8-013.k4;;
8-013.m6;;
8-013.n7;;
8-014.0;;
8-014.2;;
8-019;;
8-020.20;;
8-107;;
8-114.05;;
8-114.12;;
8-125.y;;
8-127.y;;
8-136.0;;
8-136.2;;
8-175;;
8-190.6;;
8-190.y;;
8-208.20;;
8-494.2;;
8-496.0;;
8-511.22;;
8-522.7;;
8-527.4;;
8-528.0;;
8-528.3;;
8-528.4;;
8-529.1;;
8-530.0;;
8-540.1;;
8-559.01;;
8-559.11;;
8-579.y;;
8-580.x;;
8-663.y;;
8-680.0;;
8-680.1;;
8-686.1;;
8-718.71;;
8-718.74;;
8-718.81;;
8-718.83;;
8-718.85;;
8-718.86;;
8-770;;
8-770;;
8-800.2;;
8-800.71;;
8-800.78;;
8-800.7a;;
8-800.7d;;
8-800.7e;;
8-800.7g;;
8-800.8s;;
8-805.21;;
8-805.21;;
8-805.23;;
8-805.23;;
8-805.31;;
8-805.31;;
8-805.61;;
8-806.y;;
8-810.4;;
8-810.5;;
8-810.m5;;
8-810.md;;
8-810.n0;;
8-810.r9;;
8-810.ra;;
8-810.rb;;
8-810.rd;;
8-810.rh;;
8-810.rj;;
8-810.rm;;
8-810.u1;;
8-810.u2;;
8-810.u7;;
8-810.ue;;
8-810.un;;
8-810.v8;;
8-810.vj;;
8-810.vn;;
8-823.1;;
8-831.02;;
8-831.1;;
8-831.4;;
8-832.3;;
8-832.4;;
8-835.1;;
8-836.01;;
8-836.01;;
8-836.01;;
8-836.41;;
8-836.4b;;
8-836.54;;
8-836.59;;
8-836.a0;;
8-836.a1;;
8-836.ay;;
8-836.da;;
8-836.f1;;
8-836.f1;;
8-836.f4;;
8-836.f4;;
8-836.f8;;
8-836.f9;;
8-836.fa;;
8-836.fx;;
8-836.g1;;
8-836.g6;;
8-836.g8;;
8-836.gb;;
8-836.h0;;
8-836.hb;;
8-836.sb;;
8-837.32;;
8-83c.10;;
8-840.01;;
8-841.11;;
8-853.20;;
8-853.23;;
8-853.24;;
8-853.24;;
8-853.25;;
8-853.75;;
8-854.0;;
8-854.1;;
8-854.13;;
8-854.15;;
8-855.0;;
8-855.25;;
8-857.25;;
8-85a.18;;
8-901.y;;
8-915.01;;
8-917.2;;
8-922;;
8-925.1;;
8-944;;
8-981.31;;
8-98c.3;;
8-98c.4;;
8-98c.5;;
9-985.1;;
9-999.07;;
9-999.09;;
1-220.4;;
1-222;;
1-225.0;;
1-241.0;;
1-254.14;;
1-272.1;;
1-272.1;;
1-272.1;;
1-313.1;;
1-313.x;;
1-349.x;;
1-421.6;;
1-423.2;;
1-423.y;;
1-427.3;;
1-444.4;;
1-461.2;;
1-496.6;;
1-500.1;;
1-500.2;;
1-500.3;;
1-500.4;;
1-500.4;;
1-500.4;;
1-500.6;;
1-500.6;;
1-500.6;;
1-500.x;;
1-521;;
1-521;;
1-521;;
1-540;;
1-540;;
1-541;;
1-543;;
1-544;;
1-544.1;;
1-545.0;;
1-545.0;;
1-545.2;;
1-558.0;;
1-558.1;;
1-558.2;;
1-558.2;;
1-558.x;;
1-564.2;;
1-564.x;;
1-569.4;;
1-569.4;;
1-611.0x;;
1-620.3;;
1-622.y;;
1-637.01;;
1-637.5;;
1-641.y;;
1-643.y;;
1-651.0;;
1-651.y;;
1-690.y;;
1-859.5;;
1-941.21;;
1-941.31;;
1-997.08;;
116b020200;;
116b020300;;
116b020300;;
116b020800;;
116b020800;;
116b020800;;
116b021200;;
116b030102;;
116b030103;;
116b030500;;
116b030500;;
3-609;;
4-653.2;;
5-010.0y;;
5-015.01;;
5-015.44;;
5-015.4x;;
5-018.y1;;
5-021.03;;
5-021.21;;
5-025.21;;
5-025.49;;
5-028.00;;
5-028.00;;
5-028.01;;
5-029.5;;
5-032.13;;
5-032.1y;;
5-032.3x;;
5-036.23;;
5-036.33;;
5-039.2;;
5-040.02;;
5-041.42;;
5-041.9x;;
5-044.02;;
5-044.34;;
5-056.30;;
5-056.32;;
5-056.43;;
5-057.32;;
5-057.40;;
5-059.0;;
5-059.00;;
5-061.1;;
5-062.2;;
5-071.33;;
5-100.01;;
5-101.00;;
5-101.03;;
5-101.11;;
5-101.20;;
5-102.15;;
5-103.01;;
5-109.30;;
5-109.32;;
5-109.y;;
5-126.11;;
5-143.14;;
5-143.x3;;
5-144.01;;
5-144.02;;
5-144.04;;
5-144.11;;
5-144.14;;
5-144.21;;
5-144.21;;
5-144.31;;
5-144.32;;
5-144.x4;;
5-145.12;;
5-145.21;;
5-145.21;;
5-145.22;;
5-145.22;;
5-145.x4;;
5-146.11;;
5-146.21;;
5-146.x4;;
5-163.1y;;
5-169.0y;;
5-191.0;;
5-194.11;;
5-195.20;;
5-195.61;;
5-195.8;;
5-196;;
5-199.y;;
5-200.01;;
5-200.02;;
5-200.12;;
5-200.2;;
5-200.y2;;
5-201.y;;
5-202.3;;
5-202.4;;
5-203.2;;
5-203.4;;
5-203.4;;
5-203.4;;
5-204.20;;
5-211.4y;;
5-212.42;;
5-213.10;;
5-214.1;;
5-215.10;;
5-215.10;;
5-215.1y;;
5-215.20;;
5-215.30;;
5-218.71;;
5-218.x0;;
5-219.10;;
5-221.00;;
5-221.2;;
5-221.2;;
5-221.20;;
5-221.21;;
5-221.21;;
5-221.31;;
5-221.x0;;
5-221.x0;;
5-222.3y;;
5-229.0;;
5-229.00;;
5-229.01;;
5-229.02;;
5-229.10;;
5-229.y;;
5-229.y0;;
5-235.y2;;
5-262.0y;;
5-262.0y;;
5-274.10;;
5-275.13;;
5-276.0;;
5-280.00;;
5-300.02;;
5-315.42;;
5-319.12;;
5-322.03;;
5-322.03;;
5-322.22;;
5-322.23;;
5-322.41;;
5-322.42;;
5-322.61;;
5-322.83;;
5-322.c1;;
5-322.e1;;
5-322.e2;;
5-322.e3;;
5-322.x1;;
5-323.02;;
5-323.21;;
5-324.11;;
5-324.51;;
5-340.00;;
5-340.01;;
5-340.02;;
5-340.31;;
5-340.3x;;
5-340.60;;
5-342.00;;
5-343.21;;
5-35a.05;;
5-35a.51;;
5-35b.12;;
5-371.0;;
5-377.e;;
5-378.99;;
5-381.36;;
5-383.74;;
5-385.21;;
5-385.30;;
5-385.32;;
5-385.51;;
5-385.71;;
5-385.y2;;
5-38a.15;;
5-38a.15;;
5-392.22;;
5-393.34;;
5-393.37;;
5-393.3a;;
5-394.12;;
5-394.15;;
5-394.19;;
5-395.7y;;
5-397.36;;
5-399.37;;
5-399.60;;
5-399.73;;
5-399.9;;
5-399.9;;
5-401.60;;
5-402.02;;
5-402.14;;
5-404.2;;
5-404.2;;
5-404.3;;
5-404.5;;
5-404.6;;
5-411.1;;
5-433.5y;;
5-435.01;;
5-435.10;;
5-445.2x;;
5-449.g3;;
5-449.g3;;
5-451.61;;
5-451.6x;;
5-455.70;;
5-457.12;;
5-461.2x;;
5-463.1x;;
5-463.3x;;
5-464.y0;;
5-465.y4;;
5-469.w3;;
5-469.y0;;
5-46a.1;;
5-470.22;;
5-482.20;;
5-484.54;;
5-484.60;;
5-489.k1;;
5-493.01;;
5-501.31;;
5-509.y;;
5-513.9;;
5-524.11;;
5-524.33;;
5-536.4f;;
5-538.01;;
5-538.x1;;
5-545.02;;
5-549.3x;;
5-550.32;;
5-554.01;;
5-554.11;;
5-554.11;;
5-554.22;;
5-555.01;;
5-555.02;;
5-564.10;;
5-568.42;;
5-568.5y;;
5-569.82;;
5-570.21;;
5-570.23;;
5-572.10;;
5-572.11;;
5-573.03;;
5-576.23;;
5-576.33;;
5-602.y0;;
5-619.x;;
5-619.x;;
5-623.00;;
5-623.11;;
5-624.0;;
5-624.3;;
5-625.3;;
5-627.0;;
5-641.10;;
5-646.00;;
5-650.02;;
5-650.y2;;
5-651.02;;
5-651.0x;;
5-651.10;;
5-651.23;;
5-651.32;;
5-651.6x;;
5-651.71;;
5-651.72;;
5-651.7y;;
5-652.01;;
5-652.0y;;
5-652.20;;
5-652.33;;
5-653.00;;
5-653.03;;
5-653.11;;
5-653.11;;
5-653.12;;
5-656.42;;
5-657.02;;
5-657.22;;
5-657.6y;;
5-659.y2;;
5-661.11;;
5-666.02;;
5-681.2y;;
5-683.y0;;
5-685.20;;
5-685.32;;
5-685.y0;;
5-707.01;;
5-707.01;;
5-714.2;;
5-714.3;;
5-714.x;;
5-715.1;;
5-729.y;;
5-758.30;;
5-766.31;;
5-766.54;;
5-772.24;;
5-774.41;;
5-774.50;;
5-775.4x;;
5-775.61;;
5-776.42;;
5-776.4x;;
5-776.50;;
5-777.33;;
5-777.y0;;
5-779.31;;
5-779.37;;
5-781.y1;;
5-781.ya;;
5-781.yd;;
5-782.ya;;
5-782.yc;;
5-785.1y;;
5-785.y9;;
5-785.yx;;
5-790.y4;;
5-791.03;;
5-791.11;;
5-791.14;;
5-791.16;;
5-793.32;;
5-794.10;;
5-794.12;;
5-794.22;;
5-795.22;;
5-795.35;;
5-795.38;;
5-795.49;;
5-795.x3;;
5-796.03;;
5-797.20;;
5-797.22;;
5-801.1g;;
5-801.2n;;
5-801.71;;
5-801.ay;;
5-802.80;;
5-803.40;;
5-805.41;;
5-806.01;;
5-807.40;;
5-808.9;;
5-810.y3;;
5-812.10;;
5-812.1m;;
5-812.2g;;
5-812.2h;;
5-812.2k;;
5-812.2q;;
5-812.51;;
5-812.52;;
5-813.32;;
5-820.60;;
5-821.21;;
5-821.21;;
5-821.23;;
5-821.23;;
5-821.23;;
5-824.y0;;
5-824.y1;;
5-828.0x;;
5-830.70;;
5-836.0;;
5-836.35;;
5-836.48;;
5-836.59;;
5-836.y3;;
5-838.7;;
5-838.91;;
5-83b.27;;
5-83b.35;;
5-83b.44;;
5-83b.57;;
5-840.11;;
5-840.14;;
5-840.1x;;
5-851.64;;
5-853.y9;;
5-854.0a;;
5-854.2a;;
5-854.2a;;
5-854.2a;;
5-854.7a;;
5-854.7a;;
5-854.y5;;
5-855.2b;;
5-857.8b;;
5-871.03;;
5-874.01;;
5-874.03;;
5-874.03;;
5-874.04;;
5-874.04;;
5-874.04;;
5-874.12;;
5-874.14;;
5-874.1x;;
5-874.21;;
5-874.x0;;
5-874.y1;;
5-881.20;;
5-882.10;;
5-882.11;;
5-882.12;;
5-884.01;;
5-884.21;;
5-884.x1;;
5-885.y1;;
5-889.12;;
5-889.60;;
5-889.70;;
5-890.21;;
5-892.y6;;
5-893.00;;
5-893.00;;
5-893.00;;
5-893.04;;
5-893.06;;
5-893.06;;
5-893.06;;
5-893.07;;
5-893.08;;
5-893.09;;
5-893.0a;;
5-893.0b;;
5-893.0c;;
5-893.0c;;
5-893.0e;;
5-893.0e;;
5-893.0g;;
5-893.0g;;
5-893.0x;;
5-893.10;;
5-893.10;;
5-893.10;;
5-893.10;;
5-893.13;;
5-893.14;;
5-893.15;;
5-893.19;;
5-893.1a;;
5-893.1a;;
5-893.1a;;
5-893.1b;;
5-893.1b;;
5-893.1d;;
5-893.1d;;
5-893.1f;;
5-893.1f;;
5-893.1f;;
5-893.21;;
5-893.26;;
5-893.27;;
5-893.27;;
5-893.28;;
5-893.29;;
5-893.2a;;
5-893.2b;;
5-893.2b;;
5-893.2b;;
5-893.2c;;
5-893.2d;;
5-893.2f;;
5-893.2g;;
5-893.2x;;
5-893.37;;
5-893.38;;
5-893.39;;
5-893.3e;;
5-893.3f;;
5-893.3g;;
5-893.x0;;
5-893.x6;;
5-893.x6;;
5-893.x7;;
5-893.x7;;
5-893.x9;;
5-893.x9;;
5-893.x9;;
5-893.xa;;
5-893.xc;;
5-893.xc;;
5-893.xd;;
5-893.xe;;
5-893.xf;;
5-893.xg;;
5-893.y1;;
5-893.y8;;
5-893.yx;;
5-894.1y;;
5-894.34;;
5-895.1y;;
5-899.x0;;
5-899.x7;;
5-899.y6;;
5-899.y8;;
5-900.y4;;
5-902.6y;;
5-902.f9;;
5-904.11;;
5-906.02;;
5-909.49;;
5-910.y;;
5-910.y;;
5-910.y;;
5-913.11;;
5-915.11;;
5-92a.21;;
5-932.87;;
5-932.93;;
5-932.93;;
5-952.36;;
5-970.30;;
5-970.5;;
5-98k.1;;
5-999.y;;
6-001.52;;
6-002.05;;
6-002.08;;
6-002.09;;
6-002.0j;;
6-002.0q;;
6-002.31;;
6-002.35;;
6-002.39;;
6-002.3a;;
6-002.3c;;
6-002.3d;;
6-002.3f;;
6-002.3f;;
6-002.3h;;
6-002.3k;;
6-002.3n;;
6-002.3p;;
6-002.62;;
6-002.66;;
6-002.66;;
6-002.67;;
6-002.68;;
6-002.69;;
6-002.6b;;
6-002.6c;;
6-002.6e;;
6-002.6h;;
6-002.6t;;
6-005.p2;;
6-008.5f;;
6-009.db;;
6-00a.11;;
6-00a.b7;;
6-00a.b9;;
6-00a.k3;;
6-00a.k4;;
6-00a.k8;;
6-00c.1;;
6-00c.c;;
6-00c.c;;
6-00d.1;;
8-012.02;;
8-012.1c;;
8-012.1h;;
8-012.21;;
8-012.50;;
8-012.52;;
8-012.54;;
8-012.55;;
8-012.55;;
8-012.57;;
8-012.71;;
8-012.74;;
8-012.77;;
8-012.81;;
8-012.81;;
8-012.95;;
8-012.9f;;
8-012.a4;;
8-012.a9;;
8-012.ag;;
8-012.aq;;
8-012.c0;;
8-012.d1;;
8-012.d2;;
8-012.d3;;
8-012.d6;;
8-012.d6;;
8-012.d7;;
8-012.d8;;
8-012.e1;;
8-012.e7;;
8-012.eb;;
8-012.f1;;
8-012.f3;;
8-012.f5;;
8-012.f7;;
8-012.f8;;
8-012.fb;;
8-012.g3;;
8-012.h0;;
8-012.k1;;
8-012.n3;;
8-012.n5;;
8-012.n8;;
8-012.p3;;
8-012.p4;;
8-012.p9;;
8-012.pe;;
8-012.q3;;
8-012.qc;;
8-012.s1;;
8-012.v2;;
8-012.v5;;
8-013.01;;
8-013.05;;
8-013.09;;
8-013.0a;;
8-013.0f;;
8-013.0m;;
8-013.0q;;
8-013.11;;
8-013.20;;
8-013.26;;
8-013.33;;
8-013.35;;
8-013.36;;
8-013.38;;
8-013.3b;;
8-013.3g;;
8-013.3k;;
8-013.46;;
8-013.49;;
8-013.55;;
8-013.58;;
8-013.59;;
8-013.63;;
8-013.6b;;
8-013.6d;;
8-013.6h;;
8-013.6m;;
8-013.a3;;
8-013.b3;;
8-013.e9;;
8-013.f9;;
8-013.fc;;
8-013.fg;;
8-013.h4;;
8-013.j2;;
8-013.j3;;
8-013.n3;;
8-136.0;;
8-136.1;;
8-136.1;;
8-136.2;;
8-140;;
8-141.1;;
8-145;;
8-160.1;;
8-186.0;;
8-190.a;;
8-190.b;;
8-192.c;;
8-204.10;;
8-215.0;;
8-303.3;;
8-320.0;;
8-320.1;;
8-320.3;;
8-335.2;;
8-480;;
8-519.y;;
8-522.4;;
8-522.4;;
8-522.4;;
8-522.4;;
8-522.5;;
8-522.8;;
8-522.8;;
8-525.2x;;
8-527.4;;
8-527.5;;
8-528.1;;
8-528.2;;
8-528.2;;
8-528.3;;
8-528.4;;
8-529.0;;
8-529.0;;
8-540.0;;
8-540.y;;
8-559.21;;
8-649;;
8-653.0;;
8-680.2;;
8-680.3;;
8-680.y;;
8-718.84;;
8-718.86;;
8-718.b;;
8-718.y;;
8-800.5;;
8-800.70;;
8-800.72;;
8-800.72;;
8-800.74;;
8-800.74;;
8-800.75;;
8-800.77;;
8-800.7b;;
8-800.7b;;
8-800.7e;;
8-800.7e;;
8-800.7e;;
8-800.7f;;
8-800.7g;;
8-800.7h;;
8-802.0;;
8-805.01;;
8-805.02;;
8-805.1;;
8-805.31;;
8-810.3;;
8-810.f3;;
8-810.h0;;
8-810.m7;;
8-810.mb;;
8-810.me;;
8-810.mj;;
8-810.m;;
8-810.u3;;
8-810.u9;;
8-810.uf;;
8-810.v1;;
8-810.v6;;
8-810.va;;
8-810.vc;;
8-810.ve;;
8-810.vf;;
8-810.vm;;
8-823.0;;
8-831.3;;
8-832.1;;
8-835.0;;
8-835.6;;
8-836.4b;;
8-836.56;;
8-836.d1;;
8-836.d7;;
8-836.d9;;
8-836.da;;
8-836.db;;
8-836.db;;
8-836.db;;
8-836.eb;;
8-836.f1;;
8-836.f2;;
8-836.fb;;
8-836.fx;;
8-836.g1;;
8-836.g8;;
8-836.g9;;
8-836.ga;;
8-836.gb;;
8-837.30;;
8-837.30;;
8-839.2;;
8-83b.c0;;
8-853.0;;
8-853.0;;
8-853.75;;
8-853.75;;
8-855.26;;
8-896.x;;
8-897;;
8-901.1;;
8-914.03;;
8-922;;
8-929;;
8-934;;
8-941.0;;
8-944.0;;
8-98c.6;;
8-999;;
8-999.x;;
9-250.0;;
9-412.0;;
9-999.00;;
9-999.03;;
9-999.05;;
1-218.02;;
1-221.0;;
1-229.6;;
1-249;;
1-272.0;;
1-272.0;;
1-272.2;;
1-272.2;;
1-272.3;;
1-272.3;;
1-272.3;;
1-273.4;;
1-313.x;;
1-413.y;;
1-423.1;;
1-440.0;;
1-440.3;;
1-443.2;;
1-444.20;;
1-444.21;;
1-444.4;;
1-452.0;;
1-465.90;;
1-477;;
1-484.25;;
1-484.28;;
1-499;;
1-500.3;;
1-500.5;;
1-500.6;;
1-500.x;;
1-500.y;;
1-521;;
1-523;;
1-530;;
1-530;;
1-543;;
1-543;;
1-543;;
1-544;;
1-544;;
1-545.0;;
1-545.2;;
1-558.0;;
1-558.0;;
1-558.0;;
1-558.1;;
1-558.2;;
1-558.2;;
1-564.2;;
1-611.00;;
1-611.01;;
1-612.0;;
1-615.10;;
1-620.30;;
1-621;;
1-621.00;;
1-622.1;;
1-642.1;;
1-655.0;;
1-717.1;;
1-801.2;;
1-830;;
1-869.x;;
1-941.21;;
1-962.1;;
1-995.11;;
1-995.13;;
1-999.x;;
116b020100;;
116b021100;;
116b030101;;
116b030200;;
116b030400;;
116b030400;;
116b030600;;
116b030600;;
3-003;;
3-00a;;
5-015.04;;
5-015.43;;
5-017.10;;
5-020.31;;
5-023.14;;
5-023.1y;;
5-025.10;;
5-028.00;;
5-029.5;;
5-038.1x;;
5-041.00;;
5-041.50;;
5-044.41;;
5-044.4x;;
5-045.88;;
5-046.00;;
5-046.01;;
5-052.00;;
5-057.01;;
5-057.31;;
5-059.0;;
5-059.03;;
5-061.1;;
5-062.3;;
5-070.01;;
5-070.02;;
5-071.11;;
5-071.3;;
5-071.30;;
5-071.31;;
5-092.0y;;
5-101.01;;
5-101.x;;
5-102.0;;
5-102.03;;
5-102.0y;;
5-102.1;;
5-103.15;;
5-105.x2;;
5-107.02;;
5-108.y;;
5-109.34;;
5-144.00;;
5-144.00;;
5-144.01;;
5-144.02;;
5-144.03;;
5-144.0x;;
5-144.10;;
5-144.10;;
5-144.12;;
5-144.19;;
5-144.51;;
5-144.x3;;
5-145.01;;
5-145.03;;
5-145.21;;
5-146.22;;
5-146.24;;
5-190;;
5-191.1;;
5-191.y;;
5-193.0;;
5-193.1;;
5-195.30;;
5-195.31;;
5-195.4;;
5-196;;
5-199.0;;
5-199.x;;
5-200.1;;
5-200.3;;
5-200.y1;;
5-201.1;;
5-201.y;;
5-202.3;;
5-203.2;;
5-203.3;;
5-203.5;;
5-203.6;;
5-204.00;;
5-206;;
5-209.22;;
5-211.31;;
5-212.4x;;
5-214.1x;;
5-214.2;;
5-214.2;;
5-215.21;;
5-215.31;;
5-217.00;;
5-217.0x;;
5-217.10;;
5-217.3x;;
5-218.50;;
5-221.21;;
5-221.5;;
5-221.5;;
5-221.51;;
5-223.4;;
5-223.4;;
5-229.0;;
5-229.1;;
5-229.2;;
5-231.2y;;
5-235.y0;;
5-237.2x;;
5-262.4y;;
5-276.2;;
5-278.xy;;
5-292.10;;
5-292.11;;
5-292.1x;;
5-292.1x;;
5-300.y2;;
5-315.53;;
5-319.12;;
5-319.12;;
5-319.1y;;
5-322.01;;
5-322.02;;
5-322.20;;
5-322.61;;
5-322.e1;;
5-322.f1;;
5-322.x3;;
5-323.02;;
5-323.03;;
5-323.21;;
5-324.00;;
5-324.11;;
5-324.12;;
5-324.14;;
5-333.02;;
5-339.26;;
5-340.1x;;
5-340.31;;
5-340.31;;
5-340.3x;;
5-340.61;;
5-343.22;;
5-346.42;;
5-347.22;;
5-351.0a;;
5-35a.50;;
5-35b.01;;
5-377.21;;
5-377.h1;;
5-378.10;;
5-378.12;;
5-378.1x;;
5-378.a1;;
5-380.36;;
5-388.2y;;
5-393.37;;
5-394.00;;
5-394.05;;
5-394.10;;
5-394.12;;
5-394.27;;
5-394.28;;
5-394.29;;
5-394.45;;
5-394.63;;
5-394.67;;
5-394.8;;
5-394.a;;
5-394.y5;;
5-394.y8;;
5-402.20;;
5-403.1y;;
5-403.1y;;
5-403.3y;;
5-404.5;;
5-411.10;;
5-411.51;;
5-429.63;;
5-429.j8;;
5-429.v0;;
5-429.v0;;
5-432.11;;
5-432.12;;
5-433.x0;;
5-437.y3;;
5-439.y;;
5-445.y1;;
5-449.g3;;
5-451.3;;
5-451.62;;
5-452.3y;;
5-455.34;;
5-457.01;;
5-458.20;;
5-461.4x;;
5-463.1x;;
5-465.22;;
5-465.23;;
5-466.17;;
5-469.8y;;
5-469.by;;
5-470.01;;
5-484.34;;
5-492.12;;
5-493.22;;
5-494.0;;
5-496.33;;
5-496.5y;;
5-501.30;;
5-501.30;;
5-501.33;;
5-506.21;;
5-511.00;;
5-511.31;;
5-513.34;;
5-513.e0;;
5-523.20;;
5-536.4d;;
5-536.4g;;
5-538.12;;
5-541.20;;
5-541.21;;
5-541.2x;;
5-549.20;;
5-549.34;;
5-554.00;;
5-554.00;;
5-554.02;;
5-554.0x;;
5-562.00;;
5-562.5x;;
5-568.40;;
5-572.12;;
5-573.32;;
5-576.43;;
5-582.10;;
5-582.13;;
5-582.32;;
5-619.x;;
5-624.2;;
5-628.0;;
5-651.00;;
5-651.00;;
5-651.05;;
5-651.20;;
5-651.22;;
5-651.32;;
5-651.62;;
5-652.32;;
5-653.05;;
5-653.10;;
5-656.01;;
5-656.42;;
5-657.12;;
5-657.1y;;
5-657.51;;
5-657.52;;
5-658.0;;
5-658.1;;
5-659.1y;;
5-660.02;;
5-660.02;;
5-660.0y;;
5-661.02;;
5-661.20;;
5-661.32;;
5-665.32;;
5-666.02;;
5-669.y;;
5-674.0x;;
5-683.y2;;
5-685.21;;
5-685.y1;;
5-703.10;;
5-704.2;;
5-704.2;;
5-707.00;;
5-707.01;;
5-707.01;;
5-714.2;;
5-715.03;;
5-731.x;;
5-760.4y;;
5-769.20;;
5-769.21;;
5-773.90;;
5-774.00;;
5-775.10;;
5-775.60;;
5-775.x1;;
5-775.y1;;
5-776.00;;
5-776.30;;
5-776.31;;
5-776.40;;
5-776.8;;
5-776.y0;;
5-777.32;;
5-777.5x;;
5-780.2y;;
5-781.y3;;
5-781.y7;;
5-781.yb;;
5-782.0y;;
5-783.10;;
5-783.30;;
5-784.0y;;
5-784.5y;;
5-784.y0;;
5-785.0y;;
5-785.y4;;
5-787.y0;;
5-787.y1;;
5-787.y8;;
5-787.yb;;
5-787.yd;;
5-790.y8;;
5-791.23;;
5-791.71;;
5-791.86;;
5-791.96;;
5-792.03;;
5-792.11;;
5-792.21;;
5-793.25;;
5-793.38;;
5-793.x2;;
5-794.25;;
5-795.25;;
5-795.31;;
5-795.3y;;
5-795.48;;
5-796.21;;
5-796.23;;
5-797.21;;
5-797.32;;
5-798.52;;
5-801.1h;;
5-801.2g;;
5-801.2h;;
5-801.72;;
5-805.71;;
5-807.00;;
5-812.10;;
5-812.11;;
5-812.13;;
5-812.15;;
5-812.17;;
5-812.1g;;
5-812.1h;;
5-812.1k;;
5-812.20;;
5-812.2h;;
5-821.17;;
5-821.23;;
5-822.82;;
5-824.22;;
5-826.x0;;
5-828.50;;
5-828.51;;
5-829.10;;
5-836.0;;
5-836.1;;
5-836.34;;
5-836.39;;
5-836.44;;
5-836.49;;
5-836.55;;
5-838.a0;;
5-838.a0;;
5-838.a0;;
5-83b.26;;
5-83b.45;;
5-83b.55;;
5-846.02;;
5-847.y3;;
5-849.10;;
5-849.31;;
5-850.3b;;
5-850.bc;;
5-854.0a;;
5-854.2a;;
5-854.3a;;
5-854.4a;;
5-854.4a;;
5-854.4a;;
5-854.xa;;
5-854.xa;;
5-866.51;;
5-86a.4;;
5-873.x2;;
5-873.x3;;
5-873.y0;;
5-873.y2;;
5-873.y3;;
5-874.11;;
5-874.13;;
5-874.24;;
5-881.00;;
5-881.00;;
5-881.01;;
5-882.51;;
5-882.51;;
5-883.y2;;
5-884.y2;;
5-885.31;;
5-885.51;;
5-889.00;;
5-889.01;;
5-889.32;;
5-889.60;;
5-889.x2;;
5-889.y0;;
5-889.y1;;
5-892.12;;
5-892.1y;;
5-892.x2;;
5-892.x3;;
5-893.00;;
5-893.00;;
5-893.01;;
5-893.04;;
5-893.05;;
5-893.05;;
5-893.07;;
5-893.08;;
5-893.08;;
5-893.09;;
5-893.09;;
5-893.09;;
5-893.09;;
5-893.09;;
5-893.0a;;
5-893.0c;;
5-893.0c;;
5-893.0f;;
5-893.0f;;
5-893.0f;;
5-893.0y;;
5-893.10;;
5-893.10;;
5-893.10;;
5-893.14;;
5-893.14;;
5-893.15;;
5-893.15;;
5-893.15;;
5-893.16;;
5-893.18;;
5-893.19;;
5-893.19;;
5-893.1a;;
5-893.1b;;
5-893.1c;;
5-893.1c;;
5-893.1d;;
5-893.1e;;
5-893.1e;;
5-893.1g;;
5-893.1x;;
5-893.1x;;
5-893.20;;
5-893.24;;
5-893.25;;
5-893.26;;
5-893.26;;
5-893.26;;
5-893.26;;
5-893.28;;
5-893.28;;
5-893.29;;
5-893.29;;
5-893.2a;;
5-893.2d;;
5-893.2e;;
5-893.2g;;
5-893.2x;;
5-893.34;;
5-893.3a;;
5-893.x0;;
5-893.x5;;
5-893.x6;;
5-893.x8;;
5-893.x8;;
5-893.x9;;
5-893.x9;;
5-893.xa;;
5-893.xb;;
5-893.xc;;
5-893.xc;;
5-893.xe;;
5-893.xe;;
5-893.xg;;
5-894.y7;;
5-895.1y;;
5-899.xb;;
5-900.0y;;
5-902.11;;
5-902.y0;;
5-903.y5;;
5-905.01;;
5-906.01;;
5-907.4y;;
5-909.44;;
5-910.1;;
5-910.x;;
5-915.01;;
5-923.d7;;
5-92a.00;;
5-92a.20;;
5-92a.y;;
5-932.91;;
5-955.0;;
5-979.x;;
6-001.50;;
6-001.55;;
6-002.03;;
6-002.08;;
6-002.0d;;
6-002.0h;;
6-002.30;;
6-002.37;;
6-002.38;;
6-002.3d;;
6-002.3e;;
6-002.3h;;
6-002.3j;;
6-002.3k;;
6-002.64;;
6-002.65;;
6-002.67;;
6-002.6g;;
6-002.6q;;
6-005.q4;;
6-009.b9;;
6-009.bc;;
6-009.dc;;
6-00a.11;;
6-00a.k0;;
6-00a.k4;;
6-00a.k7;;
6-00c.3;;
6-00c.5;;
6-00c.6;;
6-00c.7;;
6-00c.e;;
6-00c.j;;
8-012.01;;
8-012.03;;
8-012.13;;
8-012.15;;
8-012.1g;;
8-012.20;;
8-012.30;;
8-012.43;;
8-012.46;;
8-012.4d;;
8-012.50;;
8-012.56;;
8-012.60;;
8-012.60;;
8-012.62;;
8-012.73;;
8-012.78;;
8-012.80;;
8-012.90;;
8-012.96;;
8-012.9b;;
8-012.ah;;
8-012.b1;;
8-012.d0;;
8-012.e0;;
8-012.e2;;
8-012.e3;;
8-012.e6;;
8-012.e8;;
8-012.e9;;
8-012.f3;;
8-012.f8;;
8-012.f9;;
8-012.f9;;
8-012.fb;;
8-012.fd;;
8-012.g1;;
8-012.h9;;
8-012.j2;;
8-012.j3;;
8-012.k6;;
8-012.kb;;
8-012.n0;;
8-012.n5;;
8-012.n6;;
8-012.n8;;
8-012.n9;;
8-012.nb;;
8-012.p0;;
8-012.p5;;
8-012.q3;;
8-012.q4;;
8-012.q9;;
8-012.t3;;
8-012.u4;;
8-013.06;;
8-013.07;;
8-013.08;;
8-013.09;;
8-013.0a;;
8-013.0d;;
8-013.0e;;
8-013.0h;;
8-013.0j;;
8-013.0j;;
8-013.0p;;
8-013.0s;;
8-013.1a;;
8-013.1c;;
8-013.1g;;
8-013.24;;
8-013.27;;
8-013.28;;
8-013.29;;
8-013.32;;
8-013.34;;
8-013.3a;;
8-013.3f;;
8-013.3n;;
8-013.53;;
8-013.5b;;
8-013.62;;
8-013.63;;
8-013.64;;
8-013.68;;
8-013.6f;;
8-013.72;;
8-013.83;;
8-013.88;;
8-013.91;;
8-013.e4;;
8-013.f5;;
8-013.f6;;
8-013.f7;;
8-013.fj;;
8-013.h0;;
8-013.j5;;
8-013.k2;;
8-013.n0;;
8-019;;
8-105.2;;
8-106;;
8-114.02;;
8-136.2;;
8-145;;
8-161;;
8-174.12;;
8-175;;
8-192.a;;
8-204.13;;
8-209.13;;
8-321.2;;
8-522.5;;
8-522.5;;
8-522.8;;
8-527.3;;
8-528.0;;
8-528.3;;
8-528.5;;
8-529.1;;
8-529.2;;
8-530.0;;
8-530.0;;
8-540.x;;
8-540.x;;
8-551.2;;
8-552.4;;
8-654.x;;
8-686.0;;
8-709;;
8-718.70;;
8-718.73;;
8-718.a;;
8-770;;
8-800.2;;
8-800.3;;
8-800.5;;
8-800.72;;
8-800.73;;
8-800.75;;
8-800.7a;;
8-800.7b;;
8-800.7f;;
8-800.7h;;
8-805.61;;
8-810.m4;;
8-810.m6;;
8-810.m8;;
8-810.mg;;
8-810.r1;;
8-810.rq;;
8-810.u4;;
8-810.u8;;
8-810.uj;;
8-810.uk;;
8-810.up;;
8-810.v2;;
8-810.v3;;
8-810.vt;;
8-813.x;;
8-832.3;;
8-832.3;;
8-832.3;;
8-835.0;;
8-835.5;;
8-835.7;;
8-836.49;;
8-836.52;;
8-836.58;;
8-836.5b;;
8-836.a1;;
8-836.a2;;
8-836.d0;;
8-836.d1;;
8-836.d8;;
8-836.d9;;
8-836.f0;;
8-836.f7;;
8-836.f7;;
8-836.f9;;
8-836.fb;;
8-836.fx;;
8-836.g4;;
8-836.g7;;
8-836.gc;;
8-836.h2;;
8-836.tb;;
8-837.30;;
8-837.n;;
8-838.n1;;
8-839.2;;
8-83a.3c;;
8-83b.88;;
8-83b.e3;;
8-84e.0m;;
8-854.12;;
8-854.16;;
8-854.16;;
8-854.18;;
8-854.65;;
8-854.75;;
8-855.24;;
8-855.24;;
8-855.85;;
8-857.15;;
8-894.1;;
8-894.x;;
8-901.x;;
8-902.1;;
8-922;;
8-949.x;;
8-969;;
8-981.30;;
8-981.30;;
8-98c.1;;
8-98c.2;;
8-98c.6;;
9-301;;
9-400;;
9-985.0;;
9-999;;
9-999.02;;
9-999.04;;
9-999.y;;
1-224.3;;
1-229.10;;
1-272.0;;
1-272.1;;
1-272.1;;
1-272.3;;
1-272.3;;
1-272.3;;
1-272.4;;
1-272.4;;
1-313.0;;
1-313.0;;
1-400.5;;
1-440.0;;
1-440.2;;
1-444.0;;
1-461.5;;
1-484.05;;
1-500.0;;
1-500.3;;
1-500.4;;
1-500.6;;
1-500.7;;
1-500.x;;
1-500.y;;
1-519.y;;
1-521;;
1-530;;
1-540;;
1-543;;
1-545.2;;
1-545.2;;
1-558.1;;
1-583.x;;
1-586.8;;
1-614.x;;
1-620.3;;
1-620.3;;
1-621.y;;
1-633;;
1-634;;
1-651.1;;
1-692.0;;
1-695.3;;
1-759.x;;
1-995.12;;
1-996.00;;
1-996.08;;
1-997.05;;
116b020100;;
116b020700;;
116b020700;;
116b021200;;
116b030105;;
116b030106;;
116b030108;;
116b030108;;
3-008;;
3-80c;;
3-82c;;
5--983;;
5-015.00;;
5-015.15;;
5-015.33;;
5-015.3x;;
5-017.12;;
5-018.x2;;
5-021.01;;
5-025.40;;
5-025.63;;
5-025.x0;;
5-028.02;;
5-029.0;;
5-029.3;;
5-030.81;;
5-032.2y;;
5-032.3y;;
5-039.22;;
5-039.22;;
5-039.4;;
5-040.33;;
5-045.4x;;
5-056.3x;;
5-056.44;;
5-057.30;;
5-059.00;;
5-059.01;;
5-059.02;;
5-059.02;;
5-059.4;;
5-062.2;;
5-062.3;;
5-062.3;;
5-071.13;;
5-096.03;;
5-100.5;;
5-101.05;;
5-101.14;;
5-101.14;;
5-102.01;;
5-102.0x;;
5-102.1;;
5-102.10;;
5-103.04;;
5-104.00;;
5-109.30;;
5-131.0y;;
5-135.31;;
5-144.01;;
5-144.03;;
5-144.12;;
5-144.14;;
5-144.18;;
5-144.22;;
5-144.23;;
5-144.41;;
5-144.54;;
5-144.x1;;
5-144.x3;;
5-144.x4;;
5-144.x4;;
5-145.02;;
5-145.03;;
5-145.23;;
5-146.01;;
5-146.02;;
5-146.03;;
5-146.03;;
5-146.04;;
5-146.23;;
5-164.3y;;
5-190;;
5-193.0;;
5-193.00;;
5-194.00;;
5-194.10;;
5-195.0;;
5-195.10;;
5-195.2;;
5-195.23;;
5-195.31;;
5-195.4;;
5-195.4;;
5-195.5;;
5-199.0;;
5-199.x;;
5-200.0;;
5-200.10;;
5-200.2;;
5-203.2;;
5-203.3;;
5-203.5;;
5-204.22;;
5-207;;
5-209.22;;
5-211.4y;;
5-212.41;;
5-214.1;;
5-214.2;;
5-214.2;;
5-215.11;;
5-215.11;;
5-217.01;;
5-217.30;;
5-217.x0;;
5-217.y1;;
5-221.00;;
5-221.01;;
5-221.10;;
5-221.11;;
5-221.20;;
5-221.3;;
5-221.51;;
5-222.1y;;
5-229.0;;
5-229.2;;
5-229.x;;
5-229.x;;
5-229.y;;
5-232.xy;;
5-235.10;;
5-235.24;;
5-272.20;;
5-274.1x;;
5-275.10;;
5-275.41;;
5-276.1;;
5-276.5;;
5-276.5;;
5-277.2y;;
5-280.01;;
5-280.21;;
5-292.11;;
5-292.11;;
5-292.1x;;
5-292.1y;;
5-292.21;;
5-292.22;;
5-299.0y;;
5-300.12;;
5-315.5x;;
5-322.01;;
5-322.03;;
5-322.12;;
5-322.22;;
5-322.22;;
5-322.23;;
5-322.31;;
5-322.41;;
5-322.82;;
5-322.e2;;
5-322.h1;;
5-323.03;;
5-323.13;;
5-324.01;;
5-324.0x;;
5-340.12;;
5-346.31;;
5-347.12;;
5-347.21;;
5-357.00;;
5-357.02;;
5-377.e;;
5-378.12;;
5-378.1x;;
5-378.98;;
5-378.98;;
5-378.99;;
5-382.2y;;
5-384.y2;;
5-385.30;;
5-385.y1;;
5-389.5y;;
5-38a.10;;
5-38a.15;;
5-38a.5;;
5-38a.5;;
5-393.37;;
5-393.39;;
5-393.6y;;
5-393.8x;;
5-394.01;;
5-394.08;;
5-394.11;;
5-394.1x;;
5-394.35;;
5-394.42;;
5-394.52;;
5-394.a;;
5-394.y9;;
5-399.40;;
5-39a.3;;
5-402.22;;
5-402.31;;
5-402.32;;
5-404.3;;
5-404.4;;
5-404.6;;
5-404.a;;
5-411.01;;
5-424.01;;
5-429.71;;
5-451.60;;
5-451.60;;
5-451.6x;;
5-455.y1;;
5-457.10;;
5-457.11;;
5-461.3x;;
5-461.3x;;
5-465.y1;;
5-467.5y;;
5-469.93;;
5-46b.0;;
5-470.02;;
5-470.12;;
5-484.34;;
5-484.44;;
5-484.54;;
5-492.11;;
5-492.1x;;
5-493.22;;
5-497;;
5-501.31;;
5-511.0y;;
5-513.62;;
5-513.8;;
5-513.x3;;
5-514.83;;
5-514.93;;
5-524.13;;
5-534.0y;;
5-536.4e;;
5-536.4j;;
5-538.y1;;
5-554.00;;
5-554.03;;
5-554.05;;
5-555.y2;;
5-562.50;;
5-568.40;;
5-568.50;;
5-568.52;;
5-569.80;;
5-572.1x;;
5-573.10;;
5-576.65;;
5-579.yx;;
5-584.12;;
5-590.2y;;
5-602.x1;;
5-623.x0;;
5-624.2;;
5-649.58;;
5-651.12;;
5-651.12;;
5-651.20;;
5-651.3x;;
5-651.3y;;
5-651.52;;
5-651.61;;
5-652.00;;
5-652.00;;
5-652.3y;;
5-653.00;;
5-653.01;;
5-653.13;;
5-656.20;;
5-657.02;;
5-657.10;;
5-657.12;;
5-657.12;;
5-657.22;;
5-657.32;;
5-657.33;;
5-658.1;;
5-658.4;;
5-659.02;;
5-660.y1;;
5-661.20;;
5-661.3x;;
5-666.22;;
5-685.31;;
5-706.2y;;
5-707.00;;
5-707.01;;
5-707.0x;;
5-707.0x;;
5-714.0;;
5-714.1;;
5-744.y2;;
5-752.x;;
5-766.33;;
5-769.00;;
5-769.02;;
5-770.1y;;
5-771.14;;
5-772.14;;
5-777.3x;;
5-777.42;;
5-779.34;;
5-779.35;;
5-779.36;;
5-780.4y;;
5-780.6y;;
5-781.yx;;
5-782.y8;;
5-782.yx;;
5-784-0;;
5-784.yx;;
5-785.y7;;
5-787.y2;;
5-787.y7;;
5-789.3y;;
5-789.y0;;
5-790.y3;;
5-791.13;;
5-791.21;;
5-792.86;;
5-793.2b;;
5-793.35;;
5-793.45;;
5-793.65;;
5-794.05;;
5-795.33;;
5-795.39;;
5-796.31;;
5-801.1h;;
5-801.1k;;
5-801.2k;;
5-801.2n;;
5-801.2p;;
5-801.50;;
5-801.by;;
5-802.10;;
5-807.01;;
5-812.10;;
5-812.11;;
5-812.17;;
5-812.1n;;
5-812.20;;
5-812.2k;;
5-813.30;;
5-813.40;;
5-820.13;;
5-820.61;;
5-822.y1;;
5-824.42;;
5-824.y2;;
5-828.02;;
5-828.32;;
5-835.7;;
5-835.7;;
5-835.7;;
5-836.36;;
5-836.36;;
5-836.38;;
5-836.49;;
5-836.52;;
5-838.91;;
5-838.a0;;
5-83b.74;;
5-83b.84;;
5-83b.x5;;
5-840.28;;
5-852.0b;;
5-853.14;;
5-853.1b;;
5-854.1a;;
5-854.3a;;
5-854.4a;;
5-854.6a;;
5-858.0b;;
5-866.31;;
5-871.00;;
5-871.12;;
5-871.21;;
5-871.y2;;
5-873.03;;
5-873.y1;;
5-873.yx;;
5-874.04;;
5-874.04;;
5-874.11;;
5-874.11;;
5-874.11;;
5-874.12;;
5-874.13;;
5-874.13;;
5-874.14;;
5-874.1x;;
5-882.00;;
5-882.00;;
5-883.50;;
5-884.y1;;
5-885.40;;
5-885.61;;
5-886.1y;;
5-886.y0;;
5-889.00;;
5-889.01;;
5-889.10;;
5-893.04;;
5-893.04;;
5-893.05;;
5-893.05;;
5-893.05;;
5-893.07;;
5-893.07;;
5-893.07;;
5-893.07;;
5-893.0a;;
5-893.0a;;
5-893.0b;;
5-893.0d;;
5-893.0e;;
5-893.0f;;
5-893.0g;;
5-893.0g;;
5-893.0x;;
5-893.0x;;
5-893.0x;;
5-893.10;;
5-893.10;;
5-893.15;;
5-893.15;;
5-893.16;;
5-893.16;;
5-893.17;;
5-893.17;;
5-893.17;;
5-893.18;;
5-893.18;;
5-893.18;;
5-893.19;;
5-893.19;;
5-893.19;;
5-893.1c;;
5-893.1c;;
5-893.1e;;
5-893.1g;;
5-893.1g;;
5-893.1g;;
5-893.1x;;
5-893.24;;
5-893.24;;
5-893.24;;
5-893.25;;
5-893.25;;
5-893.27;;
5-893.28;;
5-893.2b;;
5-893.2c;;
5-893.2d;;
5-893.2e;;
5-893.2f;;
5-893.2f;;
5-893.2g;;
5-893.2g;;
5-893.2x;;
5-893.37;;
5-893.3b;;
5-893.3c;;
5-893.x4;;
5-893.x6;;
5-893.x7;;
5-893.x7;;
5-893.x7;;
5-893.x8;;
5-893.x8;;
5-893.x8;;
5-893.xb;;
5-893.xb;;
5-893.xb;;
5-893.xf;;
5-893.xf;;
5-893.xf;;
5-893.xf;;
5-893.xg;;
5-893.y3;;
5-893.y5;;
5-893.y6;;
5-894.01;;
5-894.12;;
5-894.39;;
5-895.y2;;
5-899.xd;;
5-899.xe;;
5-899.y0;;
5-899.y1;;
5-899.y7;;
5-902.21;;
5-903.11;;
5-903.41;;
5-903.y0;;
5-903.y1;;
5-904.y1;;
5-905.y1;;
5-908.24;;
5-909.41;;
5-909.xy;;
5-913.41;;
5-92a.y;;
5-932.81;;
5-932.92;;
5-946;;
5-951.61;;
5-952.0;;
5-952.x;;
5-953.y;;
5-98k.0;;
5-999.x;;
6-001.56;;
6-001.57;;
6-001.59;;
6-002.02;;
6-002.0a;;
6-002.0b;;
6-002.0m;;
6-002.0t;;
6-002.32;;
6-002.32;;
6-002.36;;
6-002.37;;
6-002.38;;
6-002.3q;;
6-002.6a;;
6-002.6c;;
6-002.6j;;
6-002.6m;;
6-003.0f;;
6-003.51;;
6-008.50;;
6-008.52;;
6-008.53;;
6-008.54;;
6-009.bf;;
6-009.d2;;
6-009.d5;;
6-009.d6;;
6-00a.k6;;
6-00a.k7;;
6-00a.kd;;
6-00a.ke;;
6-00c.0;;
6-00c.7;;
8-012.00;;
8-012.01;;
8-012.17;;
8-012.1m;;
8-012.23;;
8-012.25;;
8-012.30;;
8-012.33;;
8-012.40;;
8-012.41;;
8-012.4a;;
8-012.4b;;
8-012.4f;;
8-012.51;;
8-012.52;;
8-012.53;;
8-012.65;;
8-012.74;;
8-012.75;;
8-012.7e;;
8-012.82;;
8-012.83;;
8-012.86;;
8-012.99;;
8-012.9c;;
8-012.ac;;
8-012.ae;;
8-012.aj;;
8-012.b0;;
8-012.c0;;
8-012.cq;;
8-012.d1;;
8-012.d2;;
8-012.d3;;
8-012.d4;;
8-012.d4;;
8-012.e9;;
8-012.f2;;
8-012.f2;;
8-012.f8;;
8-012.fa;;
8-012.fa;;
8-012.fc;;
8-012.j4;;
8-012.j7;;
8-012.k3;;
8-012.k4;;
8-012.k9;;
8-012.kg;;
8-012.kh;;
8-012.n1;;
8-012.n2;;
8-012.p1;;
8-012.p8;;
8-012.q2;;
8-012.q6;;
8-012.q6;;
8-012.q7;;
8-012.qn;;
8-012.u6;;
8-012.u7;;
8-012.v1;;
8-012.v6;;
8-012.w4;;
8-012.w6;;
8-013.01;;
8-013.04;;
8-013.05;;
8-013.0e;;
8-013.0f;;
8-013.0k;;
8-013.0k;;
8-013.0n;;
8-013.15;;
8-013.1d;;
8-013.1f;;
8-013.27;;
8-013.2c;;
8-013.32;;
8-013.36;;
8-013.3h;;
8-013.3h;;
8-013.3j;;
8-013.43;;
8-013.45;;
8-013.46;;
8-013.51;;
8-013.52;;
8-013.59;;
8-013.5a;;
8-013.5b;;
8-013.67;;
8-013.6e;;
8-013.6e;;
8-013.73;;
8-013.74;;
8-013.82;;
8-013.95;;
8-013.9a;;
8-013.a0;;
8-013.ea;;
8-013.fb;;
8-013.k5;;
8-013.m1;;
8-013.m4;;
8-014.4;;
8-014.5;;
8-112.00;;
8-114.06;;
8-114.0x;;
8-114.13;;
8-120.0;;
8-131.0;;
8-136.0;;
8-136.2;;
8-136.x;;
8-136.x;;
8-147.2;;
8-150.0;;
8-150.5;;
8-166.5;;
8-190.c;;
8-190.x;;
8-203.4;;
8-209.0;;
8-233.0;;
8-300;;
8-489.y;;
8-509;;
8-513;;
8-519.x;;
8-522.5;;
8-522.7;;
8-522.8;;
8-527.3;;
8-527.5;;
8-528.1;;
8-528.5;;
8-528.5;;
8-529.0;;
8-529.2;;
8-540.1;;
8-540.3;;
8-559.20;;
8-687;;
8-718.70;;
8-718.72;;
8-718.81;;
8-718.84;;
8-718.85;;
8-800.6f;;
8-800.71;;
8-800.73;;
8-800.73;;
8-800.75;;
8-800.76;;
8-800.79;;
8-800.79;;
8-800.7a;;
8-800.7c;;
8-800.7g;;
8-800.7g;;
8-800.7h;;
8-802.75;;
8-805.02;;
8-805.10;;
8-810.f1;;
8-810.mh;;
8-810.r4;;
8-810.r6;;
8-810.r8;;
8-810.rg;;
8-810.u5;;
8-810.ub;;
8-810.vb;;
8-810.vh;;
8-827.y;;
8-831.03;;
8-831.3;;
8-831.4;;
8-831.4;;
8-832.4;;
8-832.4;;
8-835.0;;
8-835.5;;
8-836.01;;
8-836.41;;
8-836.42;;
8-836.48;;
8-836.9y;;
8-836.a;;
8-836.a;;
8-836.e0;;
8-836.f7;;
8-836.f8;;
8-836.f8;;
8-836.f9;;
8-836.f9;;
8-836.fa;;
8-836.fc;;
8-837.32;;
8-839.2;;
8-83b.81;;
8-83b.c1;;
8-842.11;;
8-851.2;;
8-853.0;;
8-853.21;;
8-853.26;;
8-853.27;;
8-854.10;;
8-854.15;;
8-854.75;;
8-855.27;;
8-857.15;;
8-857.25;;
8-857.25;;
8-85a.10;;
8-895.0;;
8-902.0;;
8-902.y;;
8-925.1;;
8-929;;
8-929.y;;
8-949;;
8-981.32;;
8-98b.20;;
8-98c.2;;
9-250.x;;
9-250.y;;
9-301;;
9-999.00;;
;;
0-0;;
0-000;;
1-203.11;;
1-241.1;;
1-241.y;;
1-272.1;;
1-272.2;;
1-272.2;;
1-273.3;;
1-409.x;;
1-427.x;;
1-440.4;;
1-444.2;;
1-444.3;;
1-484.20;;
1-489.y;;
1-496.0;;
1-500.0;;
1-500.0;;
1-500.0;;
1-500.1;;
1-500.1;;
1-500.3;;
1-500.5;;
1-500.5;;
1-500.5;;
1-500.6;;
1-500.y;;
1-523;;
1-530;;
1-541;;
1-541;;
1-541;;
1-541;;
1-541;;
1-544;;
1-544;;
1-557.y;;
1-558.2;;
1-558.x;;
1-569.x;;
1-583.y;;
1-611.01;;
1-611.0x;;
1-612.y;;
1-615.11;;
1-620.3;;
1-621.20;;
1-621.x;;
1-633;;
1-634;;
1-636.2;;
1-641.0;;
1-653.0;;
1-659.1;;
1-662;;
1-679.y;;
1-689;;
1-833.1;;
1-850.x;;
1-917.b;;
1-941.20;;
1-999.3;;
1-999.41;;
116b030104;;
116b030300;;
116b030500;;
3-209;;
3-209;;
4-653.0;;
4-653.1;;
5-014.5;;
5-014.5;;
5-015.0x;;
5-015.12;;
5-015.32;;
5-016.21;;
5-018.21;;
5-020.1y;;
5-020.3x;;
5-021.y0;;
5-025.19;;
5-028.03;;
5-029.0;;
5-029.5;;
5-030.43;;
5-039.21;;
5-040.81;;
5-041.80;;
5-041.88;;
5-044.42;;
5-044.43;;
5-056.42;;
5-057.92;;
5-057.y0;;
5-059.0;;
5-059.03;;
5-061.1;;
5-071.10;;
5-071.11;;
5-071.31;;
5-071.32;;
5-072.y2;;
5-086.10;;
5-086.11;;
5-091.2y;;
5-091.3y;;
5-100.05;;
5-101.1;;
5-102.04;;
5-102.05;;
5-103.1y;;
5-109.y;;
5-143.01;;
5-144.0;;
5-144.00;;
5-144.1;;
5-144.13;;
5-144.42;;
5-144.x1;;
5-144.x4;;
5-144.xy;;
5-145.03;;
5-145.13;;
5-145.23;;
5-145.x1;;
5-146.01;;
5-146.02;;
5-146.03;;
5-146.14;;
5-158.2y;;
5-169.0y;;
5-181.41;;
5-181.43;;
5-191.0;;
5-193.1;;
5-193.y;;
5-194.01;;
5-195.1;;
5-195.1;;
5-195.60;;
5-195.y0;;
5-196;;
5-199.1;;
5-200.3;;
5-200.y0;;
5-202.4;;
5-203.2;;
5-203.5;;
5-209.22;;
5-211.12;;
5-214.11;;
5-214.2;;
5-215.31;;
5-216.10;;
5-218.1y;;
5-218.2y;;
5-218.2y;;
5-221.01;;
5-221.30;;
5-221.40;;
5-221.41;;
5-223.4;;
5-224.6y;;
5-229.1;;
5-229.1;;
5-229.x0;;
5-235.21;;
5-235.23;;
5-235.y4;;
5-237.23;;
5-250.42;;
5-253.14;;
5-263.20;;
5-272.3x;;
5-275.6;;
5-276.2;;
5-280.20;;
5-292.10;;
5-292.21;;
5-292.22;;
5-292.22;;
5-292.2x;;
5-315.50;;
5-316.10;;
5-316.12;;
5-319.10;;
5-319.1y;;
5-319.5;;
5-322.03;;
5-322.21;;
5-322.22;;
5-322.23;;
5-322.a1;;
5-322.h2;;
5-322.x1;;
5-322.x1;;
5-323.02;;
5-324.01;;
5-324.11;;
5-324.12;;
5-324.13;;
5-334.42;;
5-339.02;;
5-340.10;;
5-340.30;;
5-340.61;;
5-342.10;;
5-347.32;;
5-35a.10;;
5-35a.50;;
5-377.y0;;
5-378.1x;;
5-378.98;;
5-380.10;;
5-380.76;;
5-384.y4;;
5-385.20;;
5-385.31;;
5-385.41;;
5-385.52;;
5-385.71;;
5-385.7x;;
5-38a.11;;
5-38a.2;;
5-38a.5;;
5-392.13;;
5-392.1x;;
5-393.34;;
5-393.37;;
5-393.72;;
5-394.10;;
5-394.48;;
5-394.49;;
5-394.8;;
5-394.x9;;
5-395.76;;
5-399.27;;
5-399.35;;
5-399.64;;
5-399.6x;;
5-399.9;;
5-399.a;;
5-401.1y;;
5-402.00;;
5-402.42;;
5-403.x0;;
5-404.05;;
5-404.3;;
5-404.4;;
5-404.6;;
5-411.11;;
5-432.10;;
5-433.x1;;
5-438.y3;;
5-44a.11;;
5-451.3;;
5-451.61;;
5-451.62;;
5-451.62;;
5-451.6x;;
5-451.d2;;
5-455.3x;;
5-457.43;;
5-458.00;;
5-463.1x;;
5-463.1x;;
5-463.1x;;
5-463.3x;;
5-463.3x;;
5-465.21;;
5-465.24;;
5-470.00;;
5-470.03;;
5-482.20;;
5-482.22;;
5-482.g;;
5-485.00;;
5-491.1y;;
5-493.3;;
5-501.3x;;
5-513.60;;
5-513.7;;
5-513.80;;
5-513.83;;
5-513.9;;
5-513.x1;;
5-514.63;;
5-526.8;;
5-526.9;;
5-536.4h;;
5-538.11;;
5-541.25;;
5-545.00;;
5-545.01;;
5-549.32;;
5-549.42;;
5-549.d1;;
5-554.01;;
5-554.03;;
5-554.12;;
5-555.12;;
5-568.50;;
5-569.82;;
5-570.02;;
5-573.12;;
5-590.2y;;
5-597.03;;
5-623.00;;
5-623.10;;
5-624.3;;
5-625.0;;
5-636.20;;
5-636.21;;
5-637.10;;
5-651.01;;
5-651.02;;
5-651.12;;
5-651.13;;
5-651.20;;
5-651.61;;
5-652.12;;
5-652.22;;
5-653.00;;
5-653.02;;
5-653.02;;
5-653.12;;
5-653.12;;
5-656.3y;;
5-657.00;;
5-657.0x;;
5-657.22;;
5-657.40;;
5-658.1;;
5-658.2;;
5-658.4;;
5-658.5;;
5-659.0x;;
5-660.03;;
5-661.1x;;
5-661.20;;
5-661.22;;
5-661.22;;
5-661.23;;
5-661.32;;
5-666.3x;;
5-666.7y;;
5-672.00;;
5-685.12;;
5-699.y;;
5-703.11;;
5-707.0x;;
5-712.01;;
5-712.1y;;
5-714.0;;
5-714.1;;
5-714.2;;
5-714.3;;
5-715.01;;
5-729.y;;
5-766.30;;
5-766.55;;
5-769.01;;
5-772.16;;
5-773.2y;;
5-774.31;;
5-775.00;;
5-775.40;;
5-775.y0;;
5-776.2x;;
5-776.33;;
5-776.41;;
5-777.52;;
5-777.73;;
5-777.x0;;
5-780.y0;;
5-781.y6;;
5-784.0y;;
5-787.y6;;
5-787.y9;;
5-787.ya;;
5-787.yc;;
5-791.27;;
5-791.44;;
5-792.23;;
5-792.y3;;
5-793.20;;
5-793.50;;
5-793.6a;;
5-795.18;;
5-796.05;;
5-797.11;;
5-797.x2;;
5-801.11;;
5-801.16;;
5-801.1k;;
5-801.2k;;
5-801.70;;
5-805.72;;
5-806.00;;
5-806.50;;
5-808.9;;
5-808.9;;
5-812.10;;
5-812.13;;
5-812.14;;
5-812.14;;
5-812.17;;
5-812.1h;;
5-812.1h;;
5-812.2k;;
5-812.5x;;
5-812.61;;
5-812.70;;
5-813.00;;
5-821.17;;
5-821.21;;
5-821.23;;
5-821.23;;
5-835.7;;
5-836.38;;
5-836.45;;
5-836.52;;
5-836.55;;
5-836.y0;;
5-838.90;;
5-838.90;;
5-838.a1;;
5-838.a1;;
5-83b.28;;
5-83b.56;;
5-83b.75;;
5-840.11;;
5-840.11;;
5-840.2x;;
5-840.4y;;
5-842.01;;
5-845.1y;;
5-846.y2;;
5-849.00;;
5-849.03;;
5-850.db;;
5-850.dc;;
5-850.dy;;
5-852.64;;
5-854.0a;;
5-854.3a;;
5-858.3b;;
5-866.20;;
5-871.23;;
5-871.y3;;
5-874.01;;
5-874.01;;
5-874.04;;
5-874.0x;;
5-874.0x;;
5-874.14;;
5-874.1x;;
5-874.24;;
5-881.00;;
5-881.00;;
5-881.02;;
5-881.10;;
5-881.10;;
5-881.11;;
5-881.21;;
5-882.01;;
5-882.10;;
5-882.31;;
5-883.30;;
5-884.00;;
5-884.01;;
5-884.10;;
5-884.11;;
5-884.x1;;
5-885.50;;
5-885.50;;
5-885.60;;
5-885.70;;
5-885.71;;
5-885.x0;;
5-886.01;;
5-886.y2;;
5-889.00;;
5-889.11;;
5-889.11;;
5-889.x1;;
5-892.02;;
5-892.13;;
5-892.y7;;
5-893.04;;
5-893.04;;
5-893.06;;
5-893.07;;
5-893.08;;
5-893.08;;
5-893.08;;
5-893.08;;
5-893.09;;
5-893.0a;;
5-893.0a;;
5-893.0a;;
5-893.0b;;
5-893.0c;;
5-893.0e;;
5-893.0f;;
5-893.0f;;
5-893.0x;;
5-893.0x;;
5-893.16;;
5-893.17;;
5-893.18;;
5-893.18;;
5-893.19;;
5-893.1a;;
5-893.1b;;
5-893.1b;;
5-893.1b;;
5-893.1c;;
5-893.1f;;
5-893.1f;;
5-893.1f;;
5-893.1g;;
5-893.1x;;
5-893.1x;;
5-893.1x;;
5-893.25;;
5-893.27;;
5-893.2a;;
5-893.2a;;
5-893.2c;;
5-893.2d;;
5-893.2e;;
5-893.2e;;
5-893.2e;;
5-893.2g;;
5-893.2x;;
5-893.34;;
5-893.36;;
5-893.3b;;
5-893.3d;;
5-893.x0;;
5-893.x4;;
5-893.x5;;
5-893.x7;;
5-893.x8;;
5-893.xc;;
5-893.xc;;
5-893.xd;;
5-893.xd;;
5-893.xe;;
5-893.xg;;
5-893.y2;;
5-894.30;;
5-894.x1;;
5-894.y1;;
5-895.01;;
5-895.11;;
5-895.41;;
5-900.03;;
5-901.01;;
5-901.11;;
5-902.8e;;
5-903.21;;
5-904.x1;;
5-905.11;;
5-907.51;;
5-910.0;;
5-910.1;;
5-910.x;;
5-913.21;;
5-915.13;;
5-92a.40;;
5-92a.xy;;
5-951.50;;
5-958;;
5-970.01;;
5-970.2;;
5-970.33;;
5-980;;
5-98h.2;;
6-001.58;;
6-001.5b;;
6-002.00;;
6-002.02;;
6-002.03;;
6-002.05;;
6-002.07;;
6-002.09;;
6-002.0b;;
6-002.0c;;
6-002.0f;;
6-002.0j;;
6-002.0n;;
6-002.0p;;
6-002.0q;;
6-002.34;;
6-002.35;;
6-002.3a;;
6-002.5b;;
6-002.60;;
6-002.65;;
6-003.0f;;
6-003.50;;
6-005.jg;;
6-005.mp;;
6-005.mq;;
6-009.b8;;
6-009.d2;;
6-00a.e0;;
6-00a.e1;;
6-00a.k5;;
6-00c.0;;
6-00c.1;;
6-00c.j;;
8-010.0;;
8-012.10;;
8-012.14;;
8-012.1d;;
8-012.1j;;
8-012.1t;;
8-012.20;;
8-012.31;;
8-012.49;;
8-012.4c;;
8-012.50;;
8-012.51;;
8-012.52;;
8-012.53;;
8-012.55;;
8-012.56;;
8-012.57;;
8-012.80;;
8-012.81;;
8-012.92;;
8-012.a1;;
8-012.a2;;
8-012.a3;;
8-012.a6;;
8-012.a8;;
8-012.ad;;
8-012.d8;;
8-012.e1;;
8-012.e4;;
8-012.f0;;
8-012.f2;;
8-012.f6;;
8-012.f7;;
8-012.f9;;
8-012.fb;;
8-012.fc;;
8-012.g0;;
8-012.h2;;
8-012.h2;;
8-012.h8;;
8-012.j0;;
8-012.k2;;
8-012.k5;;
8-012.n7;;
8-012.p1;;
8-012.p2;;
8-012.p5;;
8-012.p6;;
8-012.pf;;
8-012.q2;;
8-012.q4;;
8-012.qb;;
8-012.s2;;
8-012.t5;;
8-012.u1;;
8-012.u3;;
8-012.v0;;
8-012.v4;;
8-012.w5;;
8-013.07;;
8-013.0c;;
8-013.0d;;
8-013.0g;;
8-013.0q;;
8-013.0r;;
8-013.0t;;
8-013.17;;
8-013.19;;
8-013.1g;;
8-013.1h;;
8-013.23;;
8-013.25;;
8-013.2a;;
8-013.2a;;
8-013.39;;
8-013.3d;;
8-013.3e;;
8-013.3g;;
8-013.3p;;
8-013.50;;
8-013.51;;
8-013.56;;
8-013.57;;
8-013.58;;
8-013.5a;;
8-013.69;;
8-013.69;;
8-013.6a;;
8-013.6d;;
8-013.6n;;
8-013.8a;;
8-013.e2;;
8-013.h1;;
8-013.j1;;
8-013.j9;;
8-013.k7;;
8-013.n1;;
8-01a;;
8-109;;
8-109.x;;
8-114.01;;
8-114.11;;
8-120.x;;
8-136.0;;
8-136.1;;
8-136.2;;
8-145;;
8-174.0;;
8-192.4;;
8-192.8;;
8-192.9;;
8-192.b;;
8-203.y;;
8-209.5;;
8-209.6;;
8-310.6;;
8-380;;
8-381;;
8-482;;
8-494.4;;
8-522.5;;
8-522.7;;
8-522.8;;
8-527.4;;
8-527.5;;
8-528.2;;
8-528.3;;
8-529.1;;
8-529.2;;
8-539.y;;
8-540.0;;
8-540.4;;
8-559.10;;
8-579;;
8-580.0;;
8-659;;
8-689.0;;
8-689.x;;
8-718.71;;
8-718.73;;
8-718.75;;
8-718.82;;
8-770;;
8-800.3;;
8-800.3;;
8-800.4;;
8-800.6f;;
8-800.70;;
8-800.72;;
8-800.74;;
8-800.75;;
8-800.76;;
8-800.77;;
8-800.77;;
8-800.78;;
8-800.78;;
8-800.79;;
8-800.79;;
8-800.7b;;
8-800.7e;;
8-800.7h;;
8-805.01;;
8-805.02;;
8-805.1;;
8-805.22;;
8-805.23;;
8-810.2;;
8-810.2;;
8-810.4;;
8-810.m0;;
8-810.ma;;
8-810.n2;;
8-810.r0;;
8-810.r5;;
8-810.rp;;
8-810.u0;;
8-810.u6;;
8-810.v4;;
8-810.v5;;
8-810.v9;;
8-826.y;;
8-835.1;;
8-836.a8;;
8-836.a9;;
8-836.a;;
8-836.eb;;
8-836.f0;;
8-836.f1;;
8-836.f4;;
8-836.f5;;
8-836.f6;;
8-836.fb;;
8-836.fe;;
8-836.g1;;
8-836.jx;;
8-836.sx;;
8-837.31;;
8-837.31;;
8-837.r;;
8-83a.3d;;
8-83b.87;;
8-840.11;;
8-841.01;;
8-853.0;;
8-853.0;;
8-853.10;;
8-853.25;;
8-853.28;;
8-854.0;;
8-854.13;;
8-854.17;;
8-854.17;;
8-854.75;;
8-855.2;;
8-855.20;;
8-855.21;;
8-855.85;;
8-857.15;;
8-857.15;;
8-85a.11;;
8-896.y;;
8-898;;
8-901.2;;
8-902.2;;
8-902.x;;
8-910.00;;
8-922;;
8-940;;
8-942;;
8-950;;
8-981.20;;
8-98c.0;;
8-98c.1;;
8-98c.3;;
9-999.01;;
9-999.01;;
9-999.05;;
9-999.08;;
1-221;;
1-229.x;;
1-269.y;;
1-272.2;;
1-440.1;;
1-444.1;;
1-444.2x;;
1-444.2y;;
1-500.2;;
1-500.3;;
1-500.5;;
1-540;;
1-543;;
1-555.y;;
1-558.1;;
1-558.1;;
1-558.1;;
1-558.2;;
1-615.00;;
1-615.01;;
1-615.14;;
1-615.1x;;
1-633.0;;
116b020200;;
116b020300;;
116b030102;;
116b030300;;
3-729;;
5-015.40;;
5-015.42;;
5-025.1x;;
5-026.y1;;
5-028.00;;
5-029.2;;
5-032.4y;;
5-039.20;;
5-039.21;;
5-040.31;;
5-040.88;;
5-049.30;;
5-058.00;;
5-059.00;;
5-059.00;;
5-059.02;;
5-059.g5;;
5-062.3;;
5-063.1;;
5-101.02;;
5-101.10;;
5-101.10;;
5-102.04;;
5-104.11;;
5-143.03;;
5-144.03;;
5-144.04;;
5-144.06;;
5-144.09;;
5-144.10;;
5-144.53;;
5-144.x3;;
5-144.x3;;
5-144.x4;;
5-144.x4;;
5-145.22;;
5-145.23;;
5-145.x3;;
5-165.0y;;
5-190;;
5-193.0;;
5-194.0x;;
5-195.00;;
5-195.2;;
5-195.5;;
5-199.1;;
5-199.x;;
5-209.22;;
5-215.10;;
5-216.11;;
5-217.y0;;
5-218.0y;;
5-222.2y;;
5-235.00;;
5-235.20;;
5-260.2y;;
5-262.1y;;
5-272.10;;
5-275.20;;
5-276.1;;
5-276.2;;
5-276.5;;
5-292.10;;
5-292.10;;
5-292.2x;;
5-292.2y;;
5-320.00;;
5-322.01;;
5-322.21;;
5-322.33;;
5-322.62;;
5-322.71;;
5-322.e1;;
5-322.e2;;
5-323.01;;
5-323.03;;
5-324.01;;
5-340.13;;
5-346.71;;
5-35a.5x;;
5-378.99;;
5-378.99;;
5-393.37;;
5-393.60;;
5-394.18;;
5-394.25;;
5-394.30;;
5-394.50;;
5-394.x7;;
5-399.51;;
5-399.53;;
5-399.x0;;
5-403.0y;;
5-403.x2;;
5-404.2;;
5-411.1;;
5-429.61;;
5-429.j5;;
5-448.7;;
5-451.3;;
5-461.5x;;
5-484.54;;
5-484.64;;
5-493.3;;
5-496.7;;
5-513.0;;
5-513.14;;
5-513.63;;
5-514.83;;
5-541.23;;
5-549.21;;
5-553.04;;
5-554.44;;
5-564.11;;
5-570.00;;
5-570.01;;
5-573.11;;
5-573.22;;
5-576.75;;
5-623.x;;
5-624.0;;
5-624.0;;
5-624.1;;
5-636.21;;
5-637.11;;
5-637.30;;
5-651.21;;
5-651.2y;;
5-651.41;;
5-651.6y;;
5-651.6y;;
5-651.72;;
5-652.11;;
5-652.30;;
5-652.30;;
5-653.03;;
5-656.13;;
5-659.00;;
5-660.02;;
5-660.02;;
5-661.02;;
5-661.22;;
5-665.0y;;
5-674.00;;
5-682.y1;;
5-684.y0;;
5-709.x;;
5-770.1y;;
5-772.x4;;
5-775.11;;
5-775.51;;
5-776.51;;
5-779.30;;
5-779.32;;
5-779.33;;
5-783.11;;
5-789.yd;;
5-791.07;;
5-791.66;;
5-792.01;;
5-792.13;;
5-795.x5;;
5-796.25;;
5-801.51;;
5-805.40;;
5-810.y1;;
5-812.17;;
5-812.1h;;
5-812.62;;
5-820.10;;
5-829.1x;;
5-836.2;;
5-836.37;;
5-836.45;;
5-838.91;;
5-83b.34;;
5-83b.86;;
5-840.18;;
5-846.40;;
5-846.43;;
5-846.44;;
5-846.62;;
5-850.cb;;
5-854.0a;;
5-854.7a;;
5-856.0b;;
5-873.13;;
5-873.1y;;
5-874.01;;
5-874.03;;
5-874.11;;
5-874.14;;
5-874.23;;
5-874.23;;
5-881.20;;
5-882.00;;
5-882.30;;
5-884.11;;
5-884.11;;
5-884.20;;
5-885.x0;;
5-885.xy;;
5-886.y1;;
5-889.00;;
5-889.x0;;
5-889.x0;;
5-889.x1;;
5-892.23;;
5-893.00;;
5-893.00;;
5-893.04;;
5-893.04;;
5-893.06;;
5-893.06;;
5-893.09;;
5-893.0b;;
5-893.0d;;
5-893.0g;;
5-893.15;;
5-893.17;;
5-893.18;;
5-893.24;;
5-893.26;;
5-893.28;;
5-893.2a;;
5-893.2a;;
5-893.2c;;
5-893.2d;;
5-893.2e;;
5-893.2f;;
5-893.2f;;
5-893.2g;;
5-893.38;;
5-893.3g;;
5-893.x4;;
5-893.x4;;
5-893.xb;;
5-893.xb;;
5-893.xc;;
5-893.xd;;
5-893.xg;;
5-893.xg;;
5-894.y0;;
5-895.y1;;
5-899.y;;
5-900.x1;;
5-900.y5;;
5-901.x1;;
5-902.12;;
5-902.13;;
5-902.j8;;
5-908.14;;
5-910.y;;
5-92a.xy;;
5-930.2w;;
5-932.81;;
5-932.82;;
5-932.84;;
5-932.90;;
5-951.0;;
5-951.8;;
6-001.54;;
6-001.55;;
6-002.0a;;
6-002.31;;
6-002.34;;
6-002.3e;;
6-002.6a;;
6-002.6d;;
6-005.p4;;
6-005.p5;;
6-00a.10;;
6-00a.13;;
6-00a.13;;
6-00a.e0;;
6-00a.k3;;
6-00a.k9;;
6-00a.kb;;
6-00c.6;;
8-012.11;;
8-012.19;;
8-012.22;;
8-012.42;;
8-012.45;;
8-012.57;;
8-012.61;;
8-012.71;;
8-012.77;;
8-012.85;;
8-012.91;;
8-012.a7;;
8-012.ak;;
8-012.ec;;
8-012.f0;;
8-012.f4;;
8-012.f6;;
8-012.fa;;
8-012.fc;;
8-012.nd;;
8-012.pc;;
8-012.q7;;
8-012.r1;;
8-012.s0;;
8-013.03;;
8-013.0g;;
8-013.0m;;
8-013.0u;;
8-013.14;;
8-013.1b;;
8-013.1b;;
8-013.20;;
8-013.35;;
8-013.3m;;
8-013.40;;
8-013.57;;
8-013.62;;
8-013.76;;
8-013.86;;
8-013.9c;;
8-013.h3;;
8-013.j7;;
8-013.ja;;
8-013.m9;;
8-111.2;;
8-112.02;;
8-136.1;;
8-137.22;;
8-169.x;;
8-190.0;;
8-203.0;;
8-214.1;;
8-214.3;;
8-321.x;;
8-522.4;;
8-522.7;;
8-527.5;;
8-528.2;;
8-528.5;;
8-540.y;;
8-580.y;;
8-718.8;;
8-718.9;;
8-800.72;;
8-800.7c;;
8-800.7c;;
8-800.7f;;
8-800.7f;;
8-800.7g;;
8-805.01;;
8-805.11;;
8-810.e2;;
8-810.m9;;
8-810.r3;;
8-810.v7;;
8-810.vg;;
8-820.3;;
8-831.00;;
8-831.3;;
8-835.6;;
8-836.01;;
8-836.a0;;
8-836.d9;;
8-836.f5;;
8-836.fa;;
8-836.fc;;
8-836.fx;;
8-836.g9;;
8-836.gx;;
8-837.31;;
8-83b.s;;
8-840.01;;
8-851.2;;
8-853.2;;
8-853.27;;
8-853.28;;
8-855.23;;
8-855.75;;
8-855.85;;
8-857.15;;
8-941;;
8-977.0;;
9-302;;
